dataset,attack,family,pipeline,degradation,strength,restoration_prior,condition,target_label,poison_rate,ca,asr,pa,delta_ca,delta_asr,delta_pa,outcome,source_log,input_handling
CIFAR10,BadNet,attack_log,none,none,0.0,none,origin_attack,1,0.05,0.8775,1,0.1,0,0,0,origin_attack,cifar10/attack_log/20260823_124910_CIFAR10ImageFolder_BadNet_none_0.0_seed1234.log,native evaluation
CIFAR10,Blended,attack_log,none,none,0.0,none,origin_attack,1,0.05,0.8801,1,0.1,0,0,0,origin_attack,cifar10/attack_log/20260823_125003_CIFAR10ImageFolder_Blended_none_0.0_seed1234.log,native evaluation
CIFAR10,ISSBA,attack_log,none,none,0.0,none,origin_attack,1,0.05,0.8742,0.9996666667,0.1003,0,0,0,origin_attack,cifar10/attack_log/20260823_125149_CIFAR10ImageFolder_ISSBA_none_0.0_seed1234.log,native evaluation
CIFAR10,WaNet,attack_log,none,none,0.0,none,origin_attack,1,0.05,0.8823,0.9968888889,0.1025,0,0,0,origin_attack,cifar10/attack_log/20260824_055805_CIFAR10ImageFolder_WaNet_none_0.0_seed1234.log,native evaluation
CIFAR10,BadNet,diffusionzip,diffusionzip,zip,100.0,I2I-Diffusion,defense,1,0.05,0.7317268273,0.8350183313,0.2119788021,-0.1457731727,-0.1649816687,0.1119788021,attack_preservation,cifar10/diffusionzip/20260823_211023_CIFAR10ImageFolder_BadNet_diffusionzip_100.0_seed1234.log,I2I-Diffusion tiling/splitting
CIFAR10,BadNet,diffusionzip,diffusionzip,zip,200.0,I2I-Diffusion,defense,1,0.05,0.5228,0.01488723475,0.5271472853,-0.3547,-0.9851127652,0.4271472853,utility_collapse,cifar10/diffusionzip/20260823_211207_CIFAR10ImageFolder_BadNet_diffusionzip_200.0_seed1234.log,I2I-Diffusion tiling/splitting
CIFAR10,BadNet,diffusionzip,diffusionzip,zip,300.0,I2I-Diffusion,defense,1,0.05,0.3430933174,0.00464344942,0.3539074166,-0.5344066826,-0.9953565506,0.2539074166,utility_collapse,cifar10/diffusionzip/20260823_211404_CIFAR10ImageFolder_BadNet_diffusionzip_300.0_seed1234.log,I2I-Diffusion tiling/splitting
CIFAR10,BadNet,diffusionzip,diffusionzip,zip,400.0,I2I-Diffusion,defense,1,0.05,0.2535085985,0.003412593571,0.2519833399,-0.6239914015,-0.9965874064,0.1519833399,utility_collapse,cifar10/diffusionzip/20260823_211616_CIFAR10ImageFolder_BadNet_diffusionzip_400.0_seed1234.log,I2I-Diffusion tiling/splitting
CIFAR10,BadNet,diffusionzip,diffusionzip,zip,500.0,I2I-Diffusion,defense,1,0.05,0.1852360852,0.001100352113,0.2017405063,-0.6922639148,-0.9988996479,0.1017405063,utility_collapse,cifar10/diffusionzip/20260823_211840_CIFAR10ImageFolder_BadNet_diffusionzip_500.0_seed1234.log,I2I-Diffusion tiling/splitting
CIFAR10,Blended,diffusionzip,diffusionzip,zip,100.0,I2I-Diffusion,defense,1,0.05,0.7367263274,0.1531111111,0.4218,-0.1433736726,-0.8468888889,0.3218,mixed,cifar10/diffusionzip/20260823_212117_CIFAR10ImageFolder_Blended_diffusionzip_100.0_seed1234.log,I2I-Diffusion tiling/splitting
CIFAR10,Blended,diffusionzip,diffusionzip,zip,200.0,I2I-Diffusion,defense,1,0.05,0.5218,0.006222222222,0.4438,-0.3583,-0.9937777778,0.3438,utility_collapse,cifar10/diffusionzip/20260823_212301_CIFAR10ImageFolder_Blended_diffusionzip_200.0_seed1234.log,I2I-Diffusion tiling/splitting
CIFAR10,Blended,diffusionzip,diffusionzip,zip,300.0,I2I-Diffusion,defense,1,0.05,0.3441888258,0.002210921954,0.2839936293,-0.5359111742,-0.997789078,0.1839936293,utility_collapse,cifar10/diffusionzip/20260823_212441_CIFAR10ImageFolder_Blended_diffusionzip_300.0_seed1234.log,I2I-Diffusion tiling/splitting
CIFAR10,Blended,diffusionzip,diffusionzip,zip,400.0,I2I-Diffusion,defense,1,0.05,0.2471832378,0.00132144037,0.2093046325,-0.6329167622,-0.9986785596,0.1093046325,utility_collapse,cifar10/diffusionzip/20260823_212616_CIFAR10ImageFolder_Blended_diffusionzip_400.0_seed1234.log,I2I-Diffusion tiling/splitting
CIFAR10,Blended,diffusionzip,diffusionzip,zip,500.0,I2I-Diffusion,defense,1,0.05,0.1789535683,0.001210520524,0.1824745327,-0.7011464317,-0.9987894795,0.08247453269,utility_collapse,cifar10/diffusionzip/20260823_212800_CIFAR10ImageFolder_Blended_diffusionzip_500.0_seed1234.log,I2I-Diffusion tiling/splitting
CIFAR10,WaNet,diffusionzip,diffusionzip,zip,100.0,I2I-Diffusion,defense,1,0.05,0.7305269473,0.005440213168,0.65304287,-0.1517730527,-0.9914486757,0.55054287,mixed,cifar10/diffusionzip/20260823_212954_CIFAR10ImageFolder_WaNet_diffusionzip_100.0_seed1234.log,I2I-Diffusion tiling/splitting
CIFAR10,WaNet,diffusionzip,diffusionzip,zip,200.0,I2I-Diffusion,defense,1,0.05,0.5144,0.005222222222,0.4248,-0.3679,-0.9916666667,0.3223,utility_collapse,cifar10/diffusionzip/20260823_213114_CIFAR10ImageFolder_WaNet_diffusionzip_200.0_seed1234.log,I2I-Diffusion tiling/splitting
CIFAR10,WaNet,diffusionzip,diffusionzip,zip,300.0,I2I-Diffusion,defense,1,0.05,0.342296584,0.002985074627,0.2952712792,-0.540003416,-0.9939038143,0.1927712792,utility_collapse,cifar10/diffusionzip/20260823_213242_CIFAR10ImageFolder_WaNet_diffusionzip_300.0_seed1234.log,I2I-Diffusion tiling/splitting
CIFAR10,WaNet,diffusionzip,diffusionzip,zip,400.0,I2I-Diffusion,defense,1,0.05,0.2552876062,0.003961703533,0.225339546,-0.6270123938,-0.9929271854,0.122839546,utility_collapse,cifar10/diffusionzip/20260823_213420_CIFAR10ImageFolder_WaNet_diffusionzip_400.0_seed1234.log,I2I-Diffusion tiling/splitting
CIFAR10,WaNet,diffusionzip,diffusionzip,zip,500.0,I2I-Diffusion,defense,1,0.05,0.1904387945,0.005061619718,0.1949169304,-0.6918612055,-0.9918272692,0.09241693038,utility_collapse,cifar10/diffusionzip/20260823_213606_CIFAR10ImageFolder_WaNet_diffusionzip_500.0_seed1234.log,I2I-Diffusion tiling/splitting
CIFAR10,ISSBA,diffusionzip,diffusionzip,zip,100.0,I2I-Diffusion,defense,1,0.05,0.7343265673,0.006328411236,0.7392825022,-0.1398734327,-0.9933382555,0.6389825022,mixed,cifar10/diffusionzip/20260823_213803_CIFAR10ImageFolder_ISSBA_diffusionzip_100.0_seed1234.log,I2I-Diffusion tiling/splitting
CIFAR10,ISSBA,diffusionzip,diffusionzip,zip,200.0,I2I-Diffusion,defense,1,0.05,0.53,0.007666666667,0.5327,-0.3442,-0.992,0.4324,utility_collapse,cifar10/diffusionzip/20260823_213919_CIFAR10ImageFolder_ISSBA_diffusionzip_200.0_seed1234.log,I2I-Diffusion tiling/splitting
CIFAR10,ISSBA,diffusionzip,diffusionzip,zip,300.0,I2I-Diffusion,defense,1,0.05,0.3651030774,0.005196815568,0.3595181203,-0.5090969226,-0.9944698511,0.2592181203,utility_collapse,cifar10/diffusionzip/20260823_214046_CIFAR10ImageFolder_ISSBA_diffusionzip_300.0_seed1234.log,I2I-Diffusion tiling/splitting
CIFAR10,ISSBA,diffusionzip,diffusionzip,zip,400.0,I2I-Diffusion,defense,1,0.05,0.2644791461,0.00319137229,0.2551799346,-0.6097208539,-0.9964752944,0.1548799346,utility_collapse,cifar10/diffusionzip/20260823_214221_CIFAR10ImageFolder_ISSBA_diffusionzip_400.0_seed1234.log,I2I-Diffusion tiling/splitting
CIFAR10,ISSBA,diffusionzip,diffusionzip,zip,500.0,I2I-Diffusion,defense,1,0.05,0.2072248945,0.002310739437,0.2144976266,-0.6669751055,-0.9973559273,0.1141976266,utility_collapse,cifar10/diffusionzip/20260823_214404_CIFAR10ImageFolder_ISSBA_diffusionzip_500.0_seed1234.log,I2I-Diffusion tiling/splitting
CIFAR10,BadNet,haze,none,none,0.0,haze4k,defense,1,0.05,0.8738,0.9182222222,0.1062,-0.0037,-0.08177777778,0.0062,attack_preservation,cifar10/haze/haze4k_defense_log/20260823_104005_CIFAR10ImageFolder_BadNet_none_0.0_seed1234.log,ConvIR reflect padding/crop
CIFAR10,Blended,haze,none,none,0.0,haze4k,defense,1,0.05,0.8759,0.9974444444,0.1001,-0.0042,-0.002555555556,0.0001,attack_preservation,cifar10/haze/haze4k_defense_log/20260823_104811_CIFAR10ImageFolder_Blended_none_0.0_seed1234.log,ConvIR reflect padding/crop
CIFAR10,ISSBA,haze,none,none,0.0,haze4k,defense,1,0.05,0.8707,0.9953333333,0.1011,-0.0035,-0.004333333367,0.0008,attack_preservation,cifar10/haze/haze4k_defense_log/20260823_110429_CIFAR10ImageFolder_ISSBA_none_0.0_seed1234.log,ConvIR reflect padding/crop
CIFAR10,WaNet,haze,none,none,0.0,haze4k,defense,1,0.05,0.8777,0.9948888889,0.1035,-0.0046,-0.002000000011,0.001,attack_preservation,cifar10/haze/haze4k_defense_log/20260823_200520_CIFAR10ImageFolder_WaNet_none_0.0_seed1234.log,ConvIR reflect padding/crop
CIFAR10,BadNet,haze,haze,haze,0.15,none,defense,1,0.05,0.8676,1,0.1,-0.0099,0,0,attack_preservation,cifar10/haze/haze_defense_log/20260822_201325_CIFAR10ImageFolder_BadNet_haze_0.15_seed1234.log,ConvIR reflect padding/crop
CIFAR10,BadNet,haze,haze,haze,0.2,none,defense,1,0.05,0.8607,1,0.1,-0.0168,0,0,attack_preservation,cifar10/haze/haze_defense_log/20260822_201403_CIFAR10ImageFolder_BadNet_haze_0.2_seed1234.log,ConvIR reflect padding/crop
CIFAR10,BadNet,haze,haze,haze,0.5,none,defense,1,0.05,0.7462,0.9998888889,0.1001,-0.1313,-0.0001111111111,0.0001,attack_preservation,cifar10/haze/haze_defense_log/20260822_201440_CIFAR10ImageFolder_BadNet_haze_0.5_seed1234.log,ConvIR reflect padding/crop
CIFAR10,BadNet,haze,haze,haze,0.75,none,defense,1,0.05,0.2966,0.991,0.1062,-0.5809,-0.009,0.0062,utility_collapse,cifar10/haze/haze_defense_log/20260822_201537_CIFAR10ImageFolder_BadNet_haze_0.75_seed1234.log,ConvIR reflect padding/crop
CIFAR10,BadNet,haze,haze,haze,0.9,none,defense,1,0.05,0.1005,0.0003333333333,0.1004,-0.777,-0.9996666667,0.0004,utility_collapse,cifar10/haze/haze_defense_log/20260822_201658_CIFAR10ImageFolder_BadNet_haze_0.9_seed1234.log,ConvIR reflect padding/crop
CIFAR10,Blended,haze,haze,haze,0.15,none,defense,1,0.05,0.874,1,0.1,-0.0061,0,0,attack_preservation,cifar10/haze/haze_defense_log/20260822_201837_CIFAR10ImageFolder_Blended_haze_0.15_seed1234.log,ConvIR reflect padding/crop
CIFAR10,Blended,haze,haze,haze,0.2,none,defense,1,0.05,0.8695,1,0.1,-0.0106,0,0,attack_preservation,cifar10/haze/haze_defense_log/20260822_202010_CIFAR10ImageFolder_Blended_haze_0.2_seed1234.log,ConvIR reflect padding/crop
CIFAR10,Blended,haze,haze,haze,0.5,none,defense,1,0.05,0.7845,0.9991111111,0.1008,-0.0956,-0.0008888888889,0.0008,attack_preservation,cifar10/haze/haze_defense_log/20260822_202145_CIFAR10ImageFolder_Blended_haze_0.5_seed1234.log,ConvIR reflect padding/crop
CIFAR10,Blended,haze,haze,haze,0.75,none,defense,1,0.05,0.3754,0.7912222222,0.1188,-0.5047,-0.2087777778,0.0188,utility_collapse,cifar10/haze/haze_defense_log/20260822_202316_CIFAR10ImageFolder_Blended_haze_0.75_seed1234.log,ConvIR reflect padding/crop
CIFAR10,Blended,haze,haze,haze,0.9,none,defense,1,0.05,0.1011,0,0.0999,-0.779,-1,-0.0001,utility_collapse,cifar10/haze/haze_defense_log/20260822_202445_CIFAR10ImageFolder_Blended_haze_0.9_seed1234.log,ConvIR reflect padding/crop
CIFAR10,ISSBA,haze,haze,haze,0.15,none,defense,1,0.05,0.8632,0.9994444444,0.1005,-0.011,-0.0002222222556,0.0002,attack_preservation,cifar10/haze/haze_defense_log/20260822_203346_CIFAR10ImageFolder_ISSBA_haze_0.15_seed1234.log,ConvIR reflect padding/crop
CIFAR10,ISSBA,haze,haze,haze,0.2,none,defense,1,0.05,0.8545,0.9994444444,0.1005,-0.0197,-0.0002222222556,0.0002,attack_preservation,cifar10/haze/haze_defense_log/20260822_203523_CIFAR10ImageFolder_ISSBA_haze_0.2_seed1234.log,ConvIR reflect padding/crop
CIFAR10,ISSBA,haze,haze,haze,0.5,none,defense,1,0.05,0.7002,0.9973333333,0.1023,-0.174,-0.002333333367,0.002,attack_preservation,cifar10/haze/haze_defense_log/20260822_203636_CIFAR10ImageFolder_ISSBA_haze_0.5_seed1234.log,ConvIR reflect padding/crop
CIFAR10,ISSBA,haze,haze,haze,0.75,none,defense,1,0.05,0.224,0.9374444444,0.1196,-0.6502,-0.06222222226,0.0193,utility_collapse,cifar10/haze/haze_defense_log/20260822_203747_CIFAR10ImageFolder_ISSBA_haze_0.75_seed1234.log,ConvIR reflect padding/crop
CIFAR10,ISSBA,haze,haze,haze,0.9,none,defense,1,0.05,0.1,0,0.0999,-0.7742,-0.9996666667,-0.0004,utility_collapse,cifar10/haze/haze_defense_log/20260822_203914_CIFAR10ImageFolder_ISSBA_haze_0.9_seed1234.log,ConvIR reflect padding/crop
CIFAR10,WaNet,haze,haze,haze,0.15,none,defense,1,0.05,0.8749,0.9966666667,0.1027,-0.0074,-0.0002222222333,0.0002,attack_preservation,cifar10/haze/haze_defense_log/20260823_191426_CIFAR10ImageFolder_WaNet_haze_0.15_seed1234.log,ConvIR reflect padding/crop
CIFAR10,WaNet,haze,haze,haze,0.2,none,defense,1,0.05,0.8695,0.997,0.1023,-0.0128,0.0001111111,-0.0002,attack_preservation,cifar10/haze/haze_defense_log/20260823_191522_CIFAR10ImageFolder_WaNet_haze_0.2_seed1234.log,ConvIR reflect padding/crop
CIFAR10,WaNet,haze,haze,haze,0.5,none,defense,1,0.05,0.7562,0.996,0.1029,-0.1261,-0.0008888889,0.0004,attack_preservation,cifar10/haze/haze_defense_log/20260823_191645_CIFAR10ImageFolder_WaNet_haze_0.5_seed1234.log,ConvIR reflect padding/crop
CIFAR10,WaNet,haze,haze,haze,0.75,none,defense,1,0.05,0.3536,0.9857777778,0.1028,-0.5287,-0.01111111112,0.0003,utility_collapse,cifar10/haze/haze_defense_log/20260823_191814_CIFAR10ImageFolder_WaNet_haze_0.75_seed1234.log,ConvIR reflect padding/crop
CIFAR10,WaNet,haze,haze,haze,0.9,none,defense,1,0.05,0.1009,0.5004444444,0.1221,-0.7814,-0.4964444445,0.0196,utility_collapse,cifar10/haze/haze_defense_log/20260823_191948_CIFAR10ImageFolder_WaNet_haze_0.9_seed1234.log,ConvIR reflect padding/crop
CIFAR10,BadNet,haze,haze,haze,0.15,haze4k,defense,1,0.05,0.8751,0.9921111111,0.1006,-0.0024,-0.007888888889,0.0006,attack_preservation,cifar10/haze/haze_haze4k_defense_log/20260823_022105_CIFAR10ImageFolder_BadNet_haze_0.15_seed1234.log,ConvIR reflect padding/crop
CIFAR10,BadNet,haze,haze,haze,0.2,haze4k,defense,1,0.05,0.875,0.9958888889,0.1004,-0.0025,-0.004111111111,0.0004,attack_preservation,cifar10/haze/haze_haze4k_defense_log/20260823_022914_CIFAR10ImageFolder_BadNet_haze_0.2_seed1234.log,ConvIR reflect padding/crop
CIFAR10,BadNet,haze,haze,haze,0.5,haze4k,defense,1,0.05,0.8698,0.9972222222,0.1007,-0.0077,-0.002777777778,0.0007,attack_preservation,cifar10/haze/haze_haze4k_defense_log/20260823_023727_CIFAR10ImageFolder_BadNet_haze_0.5_seed1234.log,ConvIR reflect padding/crop
CIFAR10,BadNet,haze,haze,haze,0.75,haze4k,defense,1,0.05,0.8536,0.9861111111,0.1012,-0.0239,-0.01388888889,0.0012,attack_preservation,cifar10/haze/haze_haze4k_defense_log/20260823_024533_CIFAR10ImageFolder_BadNet_haze_0.75_seed1234.log,ConvIR reflect padding/crop
CIFAR10,BadNet,haze,haze,haze,0.9,haze4k,defense,1,0.05,0.8079,0.9982222222,0.1009,-0.0696,-0.001777777778,0.0009,attack_preservation,cifar10/haze/haze_haze4k_defense_log/20260823_025341_CIFAR10ImageFolder_BadNet_haze_0.9_seed1234.log,ConvIR reflect padding/crop
CIFAR10,Blended,haze,haze,haze,0.15,haze4k,defense,1,0.05,0.8767,0.9994444444,0.1002,-0.0034,-0.0005555555556,0.0002,attack_preservation,cifar10/haze/haze_haze4k_defense_log/20260823_030149_CIFAR10ImageFolder_Blended_haze_0.15_seed1234.log,ConvIR reflect padding/crop
CIFAR10,Blended,haze,haze,haze,0.2,haze4k,defense,1,0.05,0.8765,0.9997777778,0.1002,-0.0036,-0.0002222222222,0.0002,attack_preservation,cifar10/haze/haze_haze4k_defense_log/20260823_030956_CIFAR10ImageFolder_Blended_haze_0.2_seed1234.log,ConvIR reflect padding/crop
CIFAR10,Blended,haze,haze,haze,0.5,haze4k,defense,1,0.05,0.8723,0.9998888889,0.1001,-0.0078,-0.0001111111111,0.0001,attack_preservation,cifar10/haze/haze_haze4k_defense_log/20260823_031805_CIFAR10ImageFolder_Blended_haze_0.5_seed1234.log,ConvIR reflect padding/crop
CIFAR10,Blended,haze,haze,haze,0.75,haze4k,defense,1,0.05,0.8555,0.9962222222,0.1001,-0.0246,-0.003777777778,0.0001,attack_preservation,cifar10/haze/haze_haze4k_defense_log/20260823_032612_CIFAR10ImageFolder_Blended_haze_0.75_seed1234.log,ConvIR reflect padding/crop
CIFAR10,Blended,haze,haze,haze,0.9,haze4k,defense,1,0.05,0.8217,0.9938888889,0.1015,-0.0584,-0.006111111111,0.0015,attack_preservation,cifar10/haze/haze_haze4k_defense_log/20260823_033416_CIFAR10ImageFolder_Blended_haze_0.9_seed1234.log,ConvIR reflect padding/crop
CIFAR10,ISSBA,haze,haze,haze,0.15,haze4k,defense,1,0.05,0.8725,0.998,0.1007,-0.0017,-0.0016666667,0.0004,attack_preservation,cifar10/haze/haze_haze4k_defense_log/20260823_042258_CIFAR10ImageFolder_ISSBA_haze_0.15_seed1234.log,ConvIR reflect padding/crop
CIFAR10,ISSBA,haze,haze,haze,0.2,haze4k,defense,1,0.05,0.8728,0.998,0.1011,-0.0014,-0.0016666667,0.0008,attack_preservation,cifar10/haze/haze_haze4k_defense_log/20260823_043125_CIFAR10ImageFolder_ISSBA_haze_0.2_seed1234.log,ConvIR reflect padding/crop
CIFAR10,ISSBA,haze,haze,haze,0.5,haze4k,defense,1,0.05,0.8676,0.9902222222,0.1061,-0.0066,-0.009444444478,0.0058,attack_preservation,cifar10/haze/haze_haze4k_defense_log/20260823_043929_CIFAR10ImageFolder_ISSBA_haze_0.5_seed1234.log,ConvIR reflect padding/crop
CIFAR10,ISSBA,haze,haze,haze,0.75,haze4k,defense,1,0.05,0.8496,0.8046666667,0.2419,-0.0246,-0.195,0.1416,attack_preservation,cifar10/haze/haze_haze4k_defense_log/20260823_044741_CIFAR10ImageFolder_ISSBA_haze_0.75_seed1234.log,ConvIR reflect padding/crop
CIFAR10,ISSBA,haze,haze,haze,0.9,haze4k,defense,1,0.05,0.7805,0.01088888889,0.7705,-0.0937,-0.9887777778,0.6702,prediction_recovery,cifar10/haze/haze_haze4k_defense_log/20260823_045546_CIFAR10ImageFolder_ISSBA_haze_0.9_seed1234.log,ConvIR reflect padding/crop
CIFAR10,WaNet,haze,haze,haze,0.15,haze4k,defense,1,0.05,0.8799,0.9951111111,0.1036,-0.0024,-0.001777777789,0.0011,attack_preservation,cifar10/haze/haze_haze4k_defense_log/20260823_154658_CIFAR10ImageFolder_WaNet_haze_0.15_seed1234.log,ConvIR reflect padding/crop
CIFAR10,WaNet,haze,haze,haze,0.2,haze4k,defense,1,0.05,0.8802,0.9944444444,0.1041,-0.0021,-0.002444444456,0.0016,attack_preservation,cifar10/haze/haze_haze4k_defense_log/20260823_155657_CIFAR10ImageFolder_WaNet_haze_0.2_seed1234.log,ConvIR reflect padding/crop
CIFAR10,WaNet,haze,haze,haze,0.5,haze4k,defense,1,0.05,0.8754,0.9893333333,0.1053,-0.0069,-0.007555555567,0.0028,attack_preservation,cifar10/haze/haze_haze4k_defense_log/20260823_160847_CIFAR10ImageFolder_WaNet_haze_0.5_seed1234.log,ConvIR reflect padding/crop
CIFAR10,WaNet,haze,haze,haze,0.75,haze4k,defense,1,0.05,0.8579,0.9606666667,0.1063,-0.0244,-0.03622222223,0.0038,attack_preservation,cifar10/haze/haze_haze4k_defense_log/20260823_162155_CIFAR10ImageFolder_WaNet_haze_0.75_seed1234.log,ConvIR reflect padding/crop
CIFAR10,WaNet,haze,haze,haze,0.9,haze4k,defense,1,0.05,0.8138,0.9563333333,0.1239,-0.0685,-0.04055555557,0.0214,attack_preservation,cifar10/haze/haze_haze4k_defense_log/20260823_163152_CIFAR10ImageFolder_WaNet_haze_0.9_seed1234.log,ConvIR reflect padding/crop
CIFAR10,BadNet,haze,haze,haze,0.15,its,defense,1,0.05,0.8556,0.3222222222,0.1037,-0.0219,-0.6777777778,0.0037,target_disruption,cifar10/haze/haze_its_defense_log/20260822_233849_CIFAR10ImageFolder_BadNet_haze_0.15_seed1234.log,ConvIR reflect padding/crop
CIFAR10,BadNet,haze,haze,haze,0.2,its,defense,1,0.05,0.8533,0.3757777778,0.105,-0.0242,-0.6242222222,0.005,target_disruption,cifar10/haze/haze_its_defense_log/20260822_234658_CIFAR10ImageFolder_BadNet_haze_0.2_seed1234.log,ConvIR reflect padding/crop
CIFAR10,BadNet,haze,haze,haze,0.5,its,defense,1,0.05,0.8305,0.9506666667,0.1004,-0.047,-0.04933333333,0.0004,attack_preservation,cifar10/haze/haze_its_defense_log/20260822_235503_CIFAR10ImageFolder_BadNet_haze_0.5_seed1234.log,ConvIR reflect padding/crop
CIFAR10,BadNet,haze,haze,haze,0.75,its,defense,1,0.05,0.8247,0.9474444444,0.1171,-0.0528,-0.05255555556,0.0171,attack_preservation,cifar10/haze/haze_its_defense_log/20260823_000310_CIFAR10ImageFolder_BadNet_haze_0.75_seed1234.log,ConvIR reflect padding/crop
CIFAR10,BadNet,haze,haze,haze,0.9,its,defense,1,0.05,0.7293,0.9301111111,0.1148,-0.1482,-0.06988888889,0.0148,attack_preservation,cifar10/haze/haze_its_defense_log/20260823_001114_CIFAR10ImageFolder_BadNet_haze_0.9_seed1234.log,ConvIR reflect padding/crop
CIFAR10,Blended,haze,haze,haze,0.15,its,defense,1,0.05,0.8599,0.3322222222,0.1255,-0.0202,-0.6677777778,0.0255,target_disruption,cifar10/haze/haze_its_defense_log/20260823_001924_CIFAR10ImageFolder_Blended_haze_0.15_seed1234.log,ConvIR reflect padding/crop
CIFAR10,Blended,haze,haze,haze,0.2,its,defense,1,0.05,0.8572,0.3021111111,0.1247,-0.0229,-0.6978888889,0.0247,target_disruption,cifar10/haze/haze_its_defense_log/20260823_002730_CIFAR10ImageFolder_Blended_haze_0.2_seed1234.log,ConvIR reflect padding/crop
CIFAR10,Blended,haze,haze,haze,0.5,its,defense,1,0.05,0.8359,0.2,0.1,-0.0442,-0.8,0,target_disruption,cifar10/haze/haze_its_defense_log/20260823_003533_CIFAR10ImageFolder_Blended_haze_0.5_seed1234.log,ConvIR reflect padding/crop
CIFAR10,Blended,haze,haze,haze,0.75,its,defense,1,0.05,0.8254,0.2221111111,0.109,-0.0547,-0.7778888889,0.009,target_disruption,cifar10/haze/haze_its_defense_log/20260823_004339_CIFAR10ImageFolder_Blended_haze_0.75_seed1234.log,ConvIR reflect padding/crop
CIFAR10,Blended,haze,haze,haze,0.9,its,defense,1,0.05,0.752,0.8477777778,0.1173,-0.1281,-0.1522222222,0.0173,attack_preservation,cifar10/haze/haze_its_defense_log/20260823_005147_CIFAR10ImageFolder_Blended_haze_0.9_seed1234.log,ConvIR reflect padding/crop
CIFAR10,ISSBA,haze,haze,haze,0.15,its,defense,1,0.05,0.8515,0.9015555556,0.1062,-0.0227,-0.09811111114,0.0059,attack_preservation,cifar10/haze/haze_its_defense_log/20260823_014035_CIFAR10ImageFolder_ISSBA_haze_0.15_seed1234.log,ConvIR reflect padding/crop
CIFAR10,ISSBA,haze,haze,haze,0.2,its,defense,1,0.05,0.8505,0.8974444444,0.1061,-0.0237,-0.1022222223,0.0058,attack_preservation,cifar10/haze/haze_its_defense_log/20260823_014840_CIFAR10ImageFolder_ISSBA_haze_0.2_seed1234.log,ConvIR reflect padding/crop
CIFAR10,ISSBA,haze,haze,haze,0.5,its,defense,1,0.05,0.83,0.9268888889,0.115,-0.0442,-0.07277777781,0.0147,attack_preservation,cifar10/haze/haze_its_defense_log/20260823_015644_CIFAR10ImageFolder_ISSBA_haze_0.5_seed1234.log,ConvIR reflect padding/crop
CIFAR10,ISSBA,haze,haze,haze,0.75,its,defense,1,0.05,0.8216,0.8487777778,0.1873,-0.0526,-0.1508888889,0.087,attack_preservation,cifar10/haze/haze_its_defense_log/20260823_020453_CIFAR10ImageFolder_ISSBA_haze_0.75_seed1234.log,ConvIR reflect padding/crop
CIFAR10,ISSBA,haze,haze,haze,0.9,its,defense,1,0.05,0.7115,0.05777777778,0.6313,-0.1627,-0.9418888889,0.531,mixed,cifar10/haze/haze_its_defense_log/20260823_021259_CIFAR10ImageFolder_ISSBA_haze_0.9_seed1234.log,ConvIR reflect padding/crop
CIFAR10,WaNet,haze,haze,haze,0.15,its,defense,1,0.05,0.8567,0.79,0.1182,-0.0256,-0.2068888889,0.0157,mixed,cifar10/haze/haze_its_defense_log/20260823_145532_CIFAR10ImageFolder_WaNet_haze_0.15_seed1234.log,ConvIR reflect padding/crop
CIFAR10,WaNet,haze,haze,haze,0.2,its,defense,1,0.05,0.8534,0.7922222222,0.1175,-0.0289,-0.2046666667,0.015,mixed,cifar10/haze/haze_its_defense_log/20260823_150529_CIFAR10ImageFolder_WaNet_haze_0.2_seed1234.log,ConvIR reflect padding/crop
CIFAR10,WaNet,haze,haze,haze,0.5,its,defense,1,0.05,0.8343,0.8707777778,0.1341,-0.048,-0.1261111111,0.0316,attack_preservation,cifar10/haze/haze_its_defense_log/20260823_151527_CIFAR10ImageFolder_WaNet_haze_0.5_seed1234.log,ConvIR reflect padding/crop
CIFAR10,WaNet,haze,haze,haze,0.75,its,defense,1,0.05,0.8234,0.7873333333,0.1743,-0.0589,-0.2095555556,0.0718,mixed,cifar10/haze/haze_its_defense_log/20260823_152522_CIFAR10ImageFolder_WaNet_haze_0.75_seed1234.log,ConvIR reflect padding/crop
CIFAR10,WaNet,haze,haze,haze,0.9,its,defense,1,0.05,0.7385,0.5662222222,0.2658,-0.1438,-0.4306666667,0.1633,mixed,cifar10/haze/haze_its_defense_log/20260823_153518_CIFAR10ImageFolder_WaNet_haze_0.9_seed1234.log,ConvIR reflect padding/crop
CIFAR10,BadNet,haze,haze,haze,0.15,ots,defense,1,0.05,0.8745,0.9991111111,0.1008,-0.003,-0.0008888888889,0.0008,attack_preservation,cifar10/haze/haze_ots_defense_log/20260822_205623_CIFAR10ImageFolder_BadNet_haze_0.15_seed1234.log,ConvIR reflect padding/crop
CIFAR10,BadNet,haze,haze,haze,0.2,ots,defense,1,0.05,0.8736,0.999,0.1008,-0.0039,-0.001,0.0008,attack_preservation,cifar10/haze/haze_ots_defense_log/20260822_210430_CIFAR10ImageFolder_BadNet_haze_0.2_seed1234.log,ConvIR reflect padding/crop
CIFAR10,BadNet,haze,haze,haze,0.5,ots,defense,1,0.05,0.8722,0.9966666667,0.1027,-0.0053,-0.003333333333,0.0027,attack_preservation,cifar10/haze/haze_ots_defense_log/20260822_211238_CIFAR10ImageFolder_BadNet_haze_0.5_seed1234.log,ConvIR reflect padding/crop
CIFAR10,BadNet,haze,haze,haze,0.75,ots,defense,1,0.05,0.8386,0.9714444444,0.1224,-0.0389,-0.02855555556,0.0224,attack_preservation,cifar10/haze/haze_ots_defense_log/20260822_212050_CIFAR10ImageFolder_BadNet_haze_0.75_seed1234.log,ConvIR reflect padding/crop
CIFAR10,BadNet,haze,haze,haze,0.9,ots,defense,1,0.05,0.2895,0.362,0.1837,-0.588,-0.638,0.0837,utility_collapse,cifar10/haze/haze_ots_defense_log/20260822_212855_CIFAR10ImageFolder_BadNet_haze_0.9_seed1234.log,ConvIR reflect padding/crop
CIFAR10,Blended,haze,haze,haze,0.15,ots,defense,1,0.05,0.8784,1,0.1,-0.0017,0,0,attack_preservation,cifar10/haze/haze_ots_defense_log/20260822_213702_CIFAR10ImageFolder_Blended_haze_0.15_seed1234.log,ConvIR reflect padding/crop
CIFAR10,Blended,haze,haze,haze,0.2,ots,defense,1,0.05,0.8777,1,0.1,-0.0024,0,0,attack_preservation,cifar10/haze/haze_ots_defense_log/20260822_214508_CIFAR10ImageFolder_Blended_haze_0.2_seed1234.log,ConvIR reflect padding/crop
CIFAR10,Blended,haze,haze,haze,0.5,ots,defense,1,0.05,0.8746,1,0.1,-0.0055,0,0,attack_preservation,cifar10/haze/haze_ots_defense_log/20260822_215314_CIFAR10ImageFolder_Blended_haze_0.5_seed1234.log,ConvIR reflect padding/crop
CIFAR10,Blended,haze,haze,haze,0.75,ots,defense,1,0.05,0.8469,0.9994444444,0.1003,-0.0332,-0.0005555555556,0.0003,attack_preservation,cifar10/haze/haze_ots_defense_log/20260822_220117_CIFAR10ImageFolder_Blended_haze_0.75_seed1234.log,ConvIR reflect padding/crop
CIFAR10,Blended,haze,haze,haze,0.9,ots,defense,1,0.05,0.3301,0.09166666667,0.1327,-0.55,-0.9083333333,0.0327,utility_collapse,cifar10/haze/haze_ots_defense_log/20260822_220923_CIFAR10ImageFolder_Blended_haze_0.9_seed1234.log,ConvIR reflect padding/crop
CIFAR10,ISSBA,haze,haze,haze,0.15,ots,defense,1,0.05,0.8718,0.9103333333,0.1752,-0.0024,-0.08933333337,0.0749,attack_preservation,cifar10/haze/haze_ots_defense_log/20260822_225814_CIFAR10ImageFolder_ISSBA_haze_0.15_seed1234.log,ConvIR reflect padding/crop
CIFAR10,ISSBA,haze,haze,haze,0.2,ots,defense,1,0.05,0.871,0.9068888889,0.178,-0.0032,-0.09277777781,0.0777,attack_preservation,cifar10/haze/haze_ots_defense_log/20260822_230622_CIFAR10ImageFolder_ISSBA_haze_0.2_seed1234.log,ConvIR reflect padding/crop
CIFAR10,ISSBA,haze,haze,haze,0.5,ots,defense,1,0.05,0.8689,0.8608888889,0.2151,-0.0053,-0.1387777778,0.1148,attack_preservation,cifar10/haze/haze_ots_defense_log/20260822_231428_CIFAR10ImageFolder_ISSBA_haze_0.5_seed1234.log,ConvIR reflect padding/crop
CIFAR10,ISSBA,haze,haze,haze,0.75,ots,defense,1,0.05,0.8254,0.4895555556,0.4805,-0.0488,-0.5101111111,0.3802,prediction_recovery,cifar10/haze/haze_ots_defense_log/20260822_232232_CIFAR10ImageFolder_ISSBA_haze_0.75_seed1234.log,ConvIR reflect padding/crop
CIFAR10,ISSBA,haze,haze,haze,0.9,ots,defense,1,0.05,0.2528,0.01133333333,0.2466,-0.6214,-0.9883333334,0.1463,utility_collapse,cifar10/haze/haze_ots_defense_log/20260822_233043_CIFAR10ImageFolder_ISSBA_haze_0.9_seed1234.log,ConvIR reflect padding/crop
CIFAR10,WaNet,haze,haze,haze,0.15,ots,defense,1,0.05,0.8824,0.9934444444,0.1055,0.0001,-0.003444444456,0.003,attack_preservation,cifar10/haze/haze_ots_defense_log/20260823_140546_CIFAR10ImageFolder_WaNet_haze_0.15_seed1234.log,ConvIR reflect padding/crop
CIFAR10,WaNet,haze,haze,haze,0.2,ots,defense,1,0.05,0.8818,0.993,0.1059,-0.0005,-0.0038888889,0.0034,attack_preservation,cifar10/haze/haze_ots_defense_log/20260823_141541_CIFAR10ImageFolder_WaNet_haze_0.2_seed1234.log,ConvIR reflect padding/crop
CIFAR10,WaNet,haze,haze,haze,0.5,ots,defense,1,0.05,0.8791,0.9878888889,0.1095,-0.0032,-0.009000000011,0.007,attack_preservation,cifar10/haze/haze_ots_defense_log/20260823_142538_CIFAR10ImageFolder_WaNet_haze_0.5_seed1234.log,ConvIR reflect padding/crop
CIFAR10,WaNet,haze,haze,haze,0.75,ots,defense,1,0.05,0.845,0.9548888889,0.1275,-0.0373,-0.04200000001,0.025,attack_preservation,cifar10/haze/haze_ots_defense_log/20260823_143534_CIFAR10ImageFolder_WaNet_haze_0.75_seed1234.log,ConvIR reflect padding/crop
CIFAR10,WaNet,haze,haze,haze,0.9,ots,defense,1,0.05,0.3097,0.3761111111,0.1509,-0.5726,-0.6207777778,0.0484,utility_collapse,cifar10/haze/haze_ots_defense_log/20260823_144533_CIFAR10ImageFolder_WaNet_haze_0.9_seed1234.log,ConvIR reflect padding/crop
CIFAR10,BadNet,haze,none,none,0.0,its,defense,1,0.05,0.8595,0.1926666667,0.1029,-0.018,-0.8073333333,0.0029,target_disruption,cifar10/haze/its_defense_log/20260823_100732_CIFAR10ImageFolder_BadNet_none_0.0_seed1234.log,ConvIR reflect padding/crop
CIFAR10,Blended,haze,none,none,0.0,its,defense,1,0.05,0.8647,0.3668888889,0.1333,-0.0154,-0.6331111111,0.0333,target_disruption,cifar10/haze/its_defense_log/20260823_101539_CIFAR10ImageFolder_Blended_none_0.0_seed1234.log,ConvIR reflect padding/crop
CIFAR10,ISSBA,haze,none,none,0.0,its,defense,1,0.05,0.8559,0.8962222222,0.1214,-0.0183,-0.1034444445,0.0211,attack_preservation,cifar10/haze/its_defense_log/20260823_103159_CIFAR10ImageFolder_ISSBA_none_0.0_seed1234.log,ConvIR reflect padding/crop
CIFAR10,WaNet,haze,none,none,0.0,its,defense,1,0.05,0.8637,0.781,0.1125,-0.0186,-0.2158888889,0.01,mixed,cifar10/haze/its_defense_log/20260823_195005_CIFAR10ImageFolder_WaNet_none_0.0_seed1234.log,ConvIR reflect padding/crop
CIFAR10,BadNet,haze,none,none,0.0,ots,defense,1,0.05,0.8743,0.9997777778,0.1002,-0.0032,-0.0002222222222,0.0002,attack_preservation,cifar10/haze/ots_defense_log/20260823_093503_CIFAR10ImageFolder_BadNet_none_0.0_seed1234.log,ConvIR reflect padding/crop
CIFAR10,Blended,haze,none,none,0.0,ots,defense,1,0.05,0.8779,0.9998888889,0.1001,-0.0022,-0.0001111111111,0.0001,attack_preservation,cifar10/haze/ots_defense_log/20260823_094310_CIFAR10ImageFolder_Blended_none_0.0_seed1234.log,ConvIR reflect padding/crop
CIFAR10,ISSBA,haze,none,none,0.0,ots,defense,1,0.05,0.8715,0.9154444444,0.1706,-0.0027,-0.08422222226,0.0703,attack_preservation,cifar10/haze/ots_defense_log/20260823_095928_CIFAR10ImageFolder_ISSBA_none_0.0_seed1234.log,ConvIR reflect padding/crop
CIFAR10,WaNet,haze,none,none,0.0,ots,defense,1,0.05,0.8815,0.9944444444,0.1046,-0.0008,-0.002444444456,0.0021,attack_preservation,cifar10/haze/ots_defense_log/20260823_193904_CIFAR10ImageFolder_WaNet_none_0.0_seed1234.log,ConvIR reflect padding/crop
CIFAR10,BadNet,litebd,litebd_full,litebd,0.5,litebd,defense,1,0.05,0.7947,0.2954444444,0.5573,-0.0828,-0.7045555556,0.4573,prediction_recovery,cifar10/litebd/20260824_105410_CIFAR10ImageFolder_BadNet_litebd_full_0.5_seed1234.log,Lite-BD direct processing
CIFAR10,Blended,litebd,litebd_full,litebd,0.5,litebd,defense,1,0.05,0.8003,0.1094444444,0.5704,-0.0798,-0.8905555556,0.4704,prediction_recovery,cifar10/litebd/20260824_105446_CIFAR10ImageFolder_Blended_litebd_full_0.5_seed1234.log,Lite-BD direct processing
CIFAR10,WaNet,litebd,litebd_full,litebd,0.5,litebd,defense,1,0.05,0.7985,0.2592222222,0.5707,-0.0838,-0.7376666667,0.4682,prediction_recovery,cifar10/litebd/20260824_105520_CIFAR10ImageFolder_WaNet_litebd_full_0.5_seed1234.log,Lite-BD direct processing
CIFAR10,ISSBA,litebd,litebd_full,litebd,0.5,litebd,defense,1,0.05,0.8229,0.03422222222,0.7489,-0.0513,-0.9654444445,0.6486,prediction_recovery,cifar10/litebd/20260824_105553_CIFAR10ImageFolder_ISSBA_litebd_full_0.5_seed1234.log,Lite-BD direct processing
CIFAR10,BadNet,litebd_bicubic,litebd_stage1_bicubic,litebd,0.5,litebd_bicubic,defense,1,0.05,0.5774,0.001222222222,0.5621,-0.3001,-0.9987777778,0.4621,utility_collapse,cifar10/litebd_bicubic/20260824_094253_CIFAR10ImageFolder_BadNet_litebd_stage1_bicubic_0.5_seed1234.log,Lite-BD direct processing
CIFAR10,Blended,litebd_bicubic,litebd_stage1_bicubic,litebd,0.5,litebd_bicubic,defense,1,0.05,0.5563,0.001111111111,0.3993,-0.3238,-0.9988888889,0.2993,utility_collapse,cifar10/litebd_bicubic/20260824_094331_CIFAR10ImageFolder_Blended_litebd_stage1_bicubic_0.5_seed1234.log,Lite-BD direct processing
CIFAR10,WaNet,litebd_bicubic,litebd_stage1_bicubic,litebd,0.5,litebd_bicubic,defense,1,0.05,0.5091,0.0008888888889,0.4479,-0.3732,-0.996,0.3454,utility_collapse,cifar10/litebd_bicubic/20260824_094409_CIFAR10ImageFolder_WaNet_litebd_stage1_bicubic_0.5_seed1234.log,Lite-BD direct processing
CIFAR10,ISSBA,litebd_bicubic,litebd_stage1_bicubic,litebd,0.5,litebd_bicubic,defense,1,0.05,0.569,0.001888888889,0.5699,-0.3052,-0.9977777778,0.4696,utility_collapse,cifar10/litebd_bicubic/20260824_095755_CIFAR10ImageFolder_ISSBA_litebd_stage1_bicubic_0.5_seed1234.log,Lite-BD direct processing
CIFAR10,BadNet,litebd_swinir,litebd_stage1_swinir,litebd,0.5,litebd_swinir,defense,1,0.05,0.7553,0.013,0.7383,-0.1222,-0.987,0.6383,mixed,cifar10/litebd_swinir/20260824_095905_CIFAR10ImageFolder_BadNet_litebd_stage1_swinir_0.5_seed1234.log,Lite-BD direct processing
CIFAR10,Blended,litebd_swinir,litebd_stage1_swinir,litebd,0.5,litebd_swinir,defense,1,0.05,0.7624,0.006222222222,0.6036,-0.1177,-0.9937777778,0.5036,mixed,cifar10/litebd_swinir/20260824_095944_CIFAR10ImageFolder_Blended_litebd_stage1_swinir_0.5_seed1234.log,Lite-BD direct processing
CIFAR10,WaNet,litebd_swinir,litebd_stage1_swinir,litebd,0.5,litebd_swinir,defense,1,0.05,0.7464,0.007666666667,0.7123,-0.1359,-0.9892222222,0.6098,mixed,cifar10/litebd_swinir/20260824_100023_CIFAR10ImageFolder_WaNet_litebd_stage1_swinir_0.5_seed1234.log,Lite-BD direct processing
CIFAR10,ISSBA,litebd_swinir,litebd_stage1_swinir,litebd,0.5,litebd_swinir,defense,1,0.05,0.7622,0.011,0.7646,-0.112,-0.9886666667,0.6643,mixed,cifar10/litebd_swinir/20260824_100101_CIFAR10ImageFolder_ISSBA_litebd_stage1_swinir_0.5_seed1234.log,Lite-BD direct processing
CIFAR10,BadNet,motion_blur,none,none,0.0,gopro,defense,1,0.05,0.819,0.9961111111,0.1032,-0.0585,-0.003888888889,0.0032,attack_preservation,cifar10/motion_blur/gopro_defense_log/20260823_111235_CIFAR10ImageFolder_BadNet_none_0.0_seed1234.log,ConvIR reflect padding/crop
CIFAR10,Blended,motion_blur,none,none,0.0,gopro,defense,1,0.05,0.8161,0.9996666667,0.1003,-0.064,-0.0003333333333,0.0003,attack_preservation,cifar10/motion_blur/gopro_defense_log/20260823_112106_CIFAR10ImageFolder_Blended_none_0.0_seed1234.log,ConvIR reflect padding/crop
CIFAR10,ISSBA,motion_blur,none,none,0.0,gopro,defense,1,0.05,0.8056,0.8482222222,0.2168,-0.0686,-0.1514444445,0.1165,attack_preservation,cifar10/motion_blur/gopro_defense_log/20260823_114058_CIFAR10ImageFolder_ISSBA_none_0.0_seed1234.log,ConvIR reflect padding/crop
CIFAR10,WaNet,motion_blur,none,none,0.0,gopro,defense,1,0.05,0.7484,0.9447777778,0.1414,-0.1339,-0.05211111112,0.0389,attack_preservation,cifar10/motion_blur/gopro_defense_log/20260823_202031_CIFAR10ImageFolder_WaNet_none_0.0_seed1234.log,ConvIR reflect padding/crop
CIFAR10,BadNet,motion_blur,motion_blur,motion_blur,3.0,none,defense,1,0.05,0.7395,0.04,0.7158,-0.138,-0.96,0.6158,mixed,cifar10/motion_blur/motion_blur_defense_log/20260822_201512_CIFAR10ImageFolder_BadNet_motion_blur_3.0_seed1234.log,ConvIR reflect padding/crop
CIFAR10,BadNet,motion_blur,motion_blur,motion_blur,5.0,none,defense,1,0.05,0.5335,0.001888888889,0.5194,-0.344,-0.9981111111,0.4194,utility_collapse,cifar10/motion_blur/motion_blur_defense_log/20260822_201659_CIFAR10ImageFolder_BadNet_motion_blur_5.0_seed1234.log,ConvIR reflect padding/crop
CIFAR10,BadNet,motion_blur,motion_blur,motion_blur,7.0,none,defense,1,0.05,0.359,0.0002222222222,0.3403,-0.5185,-0.9997777778,0.2403,utility_collapse,cifar10/motion_blur/motion_blur_defense_log/20260822_201842_CIFAR10ImageFolder_BadNet_motion_blur_7.0_seed1234.log,ConvIR reflect padding/crop
CIFAR10,BadNet,motion_blur,motion_blur,motion_blur,9.0,none,defense,1,0.05,0.2741,0,0.2438,-0.6034,-1,0.1438,utility_collapse,cifar10/motion_blur/motion_blur_defense_log/20260822_202022_CIFAR10ImageFolder_BadNet_motion_blur_9.0_seed1234.log,ConvIR reflect padding/crop
CIFAR10,Blended,motion_blur,motion_blur,motion_blur,3.0,none,defense,1,0.05,0.7395,0.0001111111111,0.3728,-0.1406,-0.9998888889,0.2728,target_disruption,cifar10/motion_blur/motion_blur_defense_log/20260822_202207_CIFAR10ImageFolder_Blended_motion_blur_3.0_seed1234.log,ConvIR reflect padding/crop
CIFAR10,Blended,motion_blur,motion_blur,motion_blur,5.0,none,defense,1,0.05,0.5268,0,0.2945,-0.3533,-1,0.1945,utility_collapse,cifar10/motion_blur/motion_blur_defense_log/20260822_202345_CIFAR10ImageFolder_Blended_motion_blur_5.0_seed1234.log,ConvIR reflect padding/crop
CIFAR10,Blended,motion_blur,motion_blur,motion_blur,7.0,none,defense,1,0.05,0.3634,0,0.2463,-0.5167,-1,0.1463,utility_collapse,cifar10/motion_blur/motion_blur_defense_log/20260822_202526_CIFAR10ImageFolder_Blended_motion_blur_7.0_seed1234.log,ConvIR reflect padding/crop
CIFAR10,Blended,motion_blur,motion_blur,motion_blur,9.0,none,defense,1,0.05,0.2711,0,0.218,-0.609,-1,0.118,utility_collapse,cifar10/motion_blur/motion_blur_defense_log/20260822_202711_CIFAR10ImageFolder_Blended_motion_blur_9.0_seed1234.log,ConvIR reflect padding/crop
CIFAR10,ISSBA,motion_blur,motion_blur,motion_blur,3.0,none,defense,1,0.05,0.7068,0.003111111111,0.6571,-0.1674,-0.9965555556,0.5568,mixed,cifar10/motion_blur/motion_blur_defense_log/20260822_203557_CIFAR10ImageFolder_ISSBA_motion_blur_3.0_seed1234.log,ConvIR reflect padding/crop
CIFAR10,ISSBA,motion_blur,motion_blur,motion_blur,5.0,none,defense,1,0.05,0.4854,0.001111111111,0.4665,-0.3888,-0.9985555556,0.3662,utility_collapse,cifar10/motion_blur/motion_blur_defense_log/20260822_203738_CIFAR10ImageFolder_ISSBA_motion_blur_5.0_seed1234.log,ConvIR reflect padding/crop
CIFAR10,ISSBA,motion_blur,motion_blur,motion_blur,7.0,none,defense,1,0.05,0.3362,0.0004444444444,0.3296,-0.538,-0.9992222223,0.2293,utility_collapse,cifar10/motion_blur/motion_blur_defense_log/20260822_203917_CIFAR10ImageFolder_ISSBA_motion_blur_7.0_seed1234.log,ConvIR reflect padding/crop
CIFAR10,ISSBA,motion_blur,motion_blur,motion_blur,9.0,none,defense,1,0.05,0.262,0.0002222222222,0.2609,-0.6122,-0.9994444445,0.1606,utility_collapse,cifar10/motion_blur/motion_blur_defense_log/20260822_204053_CIFAR10ImageFolder_ISSBA_motion_blur_9.0_seed1234.log,ConvIR reflect padding/crop
CIFAR10,WaNet,motion_blur,motion_blur,motion_blur,3.0,none,defense,1,0.05,0.7116,0.1376666667,0.4936,-0.1707,-0.8592222222,0.3911,mixed,cifar10/motion_blur/motion_blur_defense_log/20260823_192117_CIFAR10ImageFolder_WaNet_motion_blur_3.0_seed1234.log,ConvIR reflect padding/crop
CIFAR10,WaNet,motion_blur,motion_blur,motion_blur,5.0,none,defense,1,0.05,0.4716,0.003666666667,0.3524,-0.4107,-0.9932222222,0.2499,utility_collapse,cifar10/motion_blur/motion_blur_defense_log/20260823_192539_CIFAR10ImageFolder_WaNet_motion_blur_5.0_seed1234.log,ConvIR reflect padding/crop
CIFAR10,WaNet,motion_blur,motion_blur,motion_blur,7.0,none,defense,1,0.05,0.3027,0.0004444444444,0.2482,-0.5796,-0.9964444445,0.1457,utility_collapse,cifar10/motion_blur/motion_blur_defense_log/20260823_193005_CIFAR10ImageFolder_WaNet_motion_blur_7.0_seed1234.log,ConvIR reflect padding/crop
CIFAR10,WaNet,motion_blur,motion_blur,motion_blur,9.0,none,defense,1,0.05,0.2331,0,0.214,-0.6492,-0.9968888889,0.1115,utility_collapse,cifar10/motion_blur/motion_blur_defense_log/20260823_193429_CIFAR10ImageFolder_WaNet_motion_blur_9.0_seed1234.log,ConvIR reflect padding/crop
CIFAR10,BadNet,motion_blur,motion_blur,motion_blur,3.0,gopro,defense,1,0.05,0.6976,0.01655555556,0.681,-0.1799,-0.9834444444,0.581,mixed,cifar10/motion_blur/motion_blur_gopro_defense_log/20260823_050353_CIFAR10ImageFolder_BadNet_motion_blur_3.0_seed1234.log,ConvIR reflect padding/crop
CIFAR10,BadNet,motion_blur,motion_blur,motion_blur,5.0,gopro,defense,1,0.05,0.4842,0.006555555556,0.4747,-0.3933,-0.9934444444,0.3747,utility_collapse,cifar10/motion_blur/motion_blur_gopro_defense_log/20260823_051217_CIFAR10ImageFolder_BadNet_motion_blur_5.0_seed1234.log,ConvIR reflect padding/crop
CIFAR10,BadNet,motion_blur,motion_blur,motion_blur,7.0,gopro,defense,1,0.05,0.3235,0.001888888889,0.3047,-0.554,-0.9981111111,0.2047,utility_collapse,cifar10/motion_blur/motion_blur_gopro_defense_log/20260823_052044_CIFAR10ImageFolder_BadNet_motion_blur_7.0_seed1234.log,ConvIR reflect padding/crop
CIFAR10,BadNet,motion_blur,motion_blur,motion_blur,9.0,gopro,defense,1,0.05,0.2455,0.0007777777778,0.2343,-0.632,-0.9992222222,0.1343,utility_collapse,cifar10/motion_blur/motion_blur_gopro_defense_log/20260823_052914_CIFAR10ImageFolder_BadNet_motion_blur_9.0_seed1234.log,ConvIR reflect padding/crop
CIFAR10,Blended,motion_blur,motion_blur,motion_blur,3.0,gopro,defense,1,0.05,0.6708,0.001,0.3255,-0.2093,-0.999,0.2255,utility_collapse,cifar10/motion_blur/motion_blur_gopro_defense_log/20260823_053741_CIFAR10ImageFolder_Blended_motion_blur_3.0_seed1234.log,ConvIR reflect padding/crop
CIFAR10,Blended,motion_blur,motion_blur,motion_blur,5.0,gopro,defense,1,0.05,0.4605,0.0004444444444,0.2687,-0.4196,-0.9995555556,0.1687,utility_collapse,cifar10/motion_blur/motion_blur_gopro_defense_log/20260823_054606_CIFAR10ImageFolder_Blended_motion_blur_5.0_seed1234.log,ConvIR reflect padding/crop
CIFAR10,Blended,motion_blur,motion_blur,motion_blur,7.0,gopro,defense,1,0.05,0.3435,0,0.2291,-0.5366,-1,0.1291,utility_collapse,cifar10/motion_blur/motion_blur_gopro_defense_log/20260823_055434_CIFAR10ImageFolder_Blended_motion_blur_7.0_seed1234.log,ConvIR reflect padding/crop
CIFAR10,Blended,motion_blur,motion_blur,motion_blur,9.0,gopro,defense,1,0.05,0.2591,0.0005555555556,0.2044,-0.621,-0.9994444444,0.1044,utility_collapse,cifar10/motion_blur/motion_blur_gopro_defense_log/20260823_060303_CIFAR10ImageFolder_Blended_motion_blur_9.0_seed1234.log,ConvIR reflect padding/crop
CIFAR10,ISSBA,motion_blur,motion_blur,motion_blur,3.0,gopro,defense,1,0.05,0.6176,0.04188888889,0.6327,-0.2566,-0.9577777778,0.5324,utility_collapse,cifar10/motion_blur/motion_blur_gopro_defense_log/20260823_064540_CIFAR10ImageFolder_ISSBA_motion_blur_3.0_seed1234.log,ConvIR reflect padding/crop
CIFAR10,ISSBA,motion_blur,motion_blur,motion_blur,5.0,gopro,defense,1,0.05,0.3815,0.2222222222,0.3961,-0.4927,-0.7774444445,0.2958,utility_collapse,cifar10/motion_blur/motion_blur_gopro_defense_log/20260823_065508_CIFAR10ImageFolder_ISSBA_motion_blur_5.0_seed1234.log,ConvIR reflect padding/crop
CIFAR10,ISSBA,motion_blur,motion_blur,motion_blur,7.0,gopro,defense,1,0.05,0.2859,0.1392222222,0.3075,-0.5883,-0.8604444445,0.2072,utility_collapse,cifar10/motion_blur/motion_blur_gopro_defense_log/20260823_070337_CIFAR10ImageFolder_ISSBA_motion_blur_7.0_seed1234.log,ConvIR reflect padding/crop
CIFAR10,ISSBA,motion_blur,motion_blur,motion_blur,9.0,gopro,defense,1,0.05,0.2363,0.1683333333,0.2447,-0.6379,-0.8313333334,0.1444,utility_collapse,cifar10/motion_blur/motion_blur_gopro_defense_log/20260823_071200_CIFAR10ImageFolder_ISSBA_motion_blur_9.0_seed1234.log,ConvIR reflect padding/crop
CIFAR10,WaNet,motion_blur,motion_blur,motion_blur,3.0,gopro,defense,1,0.05,0.4505,0.4493333333,0.3065,-0.4318,-0.5475555556,0.204,utility_collapse,cifar10/motion_blur/motion_blur_gopro_defense_log/20260823_164151_CIFAR10ImageFolder_WaNet_motion_blur_3.0_seed1234.log,ConvIR reflect padding/crop
CIFAR10,WaNet,motion_blur,motion_blur,motion_blur,5.0,gopro,defense,1,0.05,0.1937,0.6478888889,0.1811,-0.6886,-0.349,0.0786,utility_collapse,cifar10/motion_blur/motion_blur_gopro_defense_log/20260823_165216_CIFAR10ImageFolder_WaNet_motion_blur_5.0_seed1234.log,ConvIR reflect padding/crop
CIFAR10,WaNet,motion_blur,motion_blur,motion_blur,7.0,gopro,defense,1,0.05,0.133,0.704,0.1515,-0.7493,-0.2928888889,0.049,utility_collapse,cifar10/motion_blur/motion_blur_gopro_defense_log/20260823_172056_CIFAR10ImageFolder_WaNet_motion_blur_7.0_seed1234.log,ConvIR reflect padding/crop
CIFAR10,WaNet,motion_blur,motion_blur,motion_blur,9.0,gopro,defense,1,0.05,0.1127,0.7932222222,0.131,-0.7696,-0.2036666667,0.0285,utility_collapse,cifar10/motion_blur/motion_blur_gopro_defense_log/20260823_173443_CIFAR10ImageFolder_WaNet_motion_blur_9.0_seed1234.log,ConvIR reflect padding/crop
CIFAR10,BadNet,motion_blur,motion_blur,motion_blur,3.0,rsblur,defense,1,0.05,0.2247,0.0004444444444,0.2519,-0.6528,-0.9995555556,0.1519,utility_collapse,cifar10/motion_blur/motion_blur_rsblur_defense_log/20260823_072024_CIFAR10ImageFolder_BadNet_motion_blur_3.0_seed1234.log,ConvIR reflect padding/crop
CIFAR10,BadNet,motion_blur,motion_blur,motion_blur,5.0,rsblur,defense,1,0.05,0.2075,0.0002222222222,0.2247,-0.67,-0.9997777778,0.1247,utility_collapse,cifar10/motion_blur/motion_blur_rsblur_defense_log/20260823_072846_CIFAR10ImageFolder_BadNet_motion_blur_5.0_seed1234.log,ConvIR reflect padding/crop
CIFAR10,BadNet,motion_blur,motion_blur,motion_blur,7.0,rsblur,defense,1,0.05,0.1996,0,0.2036,-0.6779,-1,0.1036,utility_collapse,cifar10/motion_blur/motion_blur_rsblur_defense_log/20260823_073710_CIFAR10ImageFolder_BadNet_motion_blur_7.0_seed1234.log,ConvIR reflect padding/crop
CIFAR10,BadNet,motion_blur,motion_blur,motion_blur,9.0,rsblur,defense,1,0.05,0.1849,0,0.189,-0.6926,-1,0.089,utility_collapse,cifar10/motion_blur/motion_blur_rsblur_defense_log/20260823_074530_CIFAR10ImageFolder_BadNet_motion_blur_9.0_seed1234.log,ConvIR reflect padding/crop
CIFAR10,Blended,motion_blur,motion_blur,motion_blur,3.0,rsblur,defense,1,0.05,0.2215,0,0.1856,-0.6586,-1,0.0856,utility_collapse,cifar10/motion_blur/motion_blur_rsblur_defense_log/20260823_075400_CIFAR10ImageFolder_Blended_motion_blur_3.0_seed1234.log,ConvIR reflect padding/crop
CIFAR10,Blended,motion_blur,motion_blur,motion_blur,5.0,rsblur,defense,1,0.05,0.2035,0,0.1734,-0.6766,-1,0.0734,utility_collapse,cifar10/motion_blur/motion_blur_rsblur_defense_log/20260823_080227_CIFAR10ImageFolder_Blended_motion_blur_5.0_seed1234.log,ConvIR reflect padding/crop
CIFAR10,Blended,motion_blur,motion_blur,motion_blur,7.0,rsblur,defense,1,0.05,0.1888,0.0001111111111,0.1704,-0.6913,-0.9998888889,0.0704,utility_collapse,cifar10/motion_blur/motion_blur_rsblur_defense_log/20260823_081051_CIFAR10ImageFolder_Blended_motion_blur_7.0_seed1234.log,ConvIR reflect padding/crop
CIFAR10,Blended,motion_blur,motion_blur,motion_blur,9.0,rsblur,defense,1,0.05,0.1758,0,0.1622,-0.7043,-1,0.0622,utility_collapse,cifar10/motion_blur/motion_blur_rsblur_defense_log/20260823_081919_CIFAR10ImageFolder_Blended_motion_blur_9.0_seed1234.log,ConvIR reflect padding/crop
CIFAR10,ISSBA,motion_blur,motion_blur,motion_blur,3.0,rsblur,defense,1,0.05,0.1998,0.0001111111111,0.2018,-0.6744,-0.9995555556,0.1015,utility_collapse,cifar10/motion_blur/motion_blur_rsblur_defense_log/20260823_090136_CIFAR10ImageFolder_ISSBA_motion_blur_3.0_seed1234.log,ConvIR reflect padding/crop
CIFAR10,ISSBA,motion_blur,motion_blur,motion_blur,5.0,rsblur,defense,1,0.05,0.1882,0,0.1966,-0.686,-0.9996666667,0.0963,utility_collapse,cifar10/motion_blur/motion_blur_rsblur_defense_log/20260823_090957_CIFAR10ImageFolder_ISSBA_motion_blur_5.0_seed1234.log,ConvIR reflect padding/crop
CIFAR10,ISSBA,motion_blur,motion_blur,motion_blur,7.0,rsblur,defense,1,0.05,0.1718,0,0.1782,-0.7024,-0.9996666667,0.0779,utility_collapse,cifar10/motion_blur/motion_blur_rsblur_defense_log/20260823_091818_CIFAR10ImageFolder_ISSBA_motion_blur_7.0_seed1234.log,ConvIR reflect padding/crop
CIFAR10,ISSBA,motion_blur,motion_blur,motion_blur,9.0,rsblur,defense,1,0.05,0.1575,0,0.1578,-0.7167,-0.9996666667,0.0575,utility_collapse,cifar10/motion_blur/motion_blur_rsblur_defense_log/20260823_092643_CIFAR10ImageFolder_ISSBA_motion_blur_9.0_seed1234.log,ConvIR reflect padding/crop
CIFAR10,WaNet,motion_blur,motion_blur,motion_blur,3.0,rsblur,defense,1,0.05,0.2031,0.009333333333,0.1928,-0.6792,-0.9875555556,0.0903,utility_collapse,cifar10/motion_blur/motion_blur_rsblur_defense_log/20260823_174757_CIFAR10ImageFolder_WaNet_motion_blur_3.0_seed1234.log,ConvIR reflect padding/crop
CIFAR10,WaNet,motion_blur,motion_blur,motion_blur,5.0,rsblur,defense,1,0.05,0.1843,0.0002222222222,0.1858,-0.698,-0.9966666667,0.0833,utility_collapse,cifar10/motion_blur/motion_blur_rsblur_defense_log/20260823_180705_CIFAR10ImageFolder_WaNet_motion_blur_5.0_seed1234.log,ConvIR reflect padding/crop
CIFAR10,WaNet,motion_blur,motion_blur,motion_blur,7.0,rsblur,defense,1,0.05,0.1712,0.0001111111111,0.1671,-0.7111,-0.9967777778,0.0646,utility_collapse,cifar10/motion_blur/motion_blur_rsblur_defense_log/20260823_183832_CIFAR10ImageFolder_WaNet_motion_blur_7.0_seed1234.log,ConvIR reflect padding/crop
CIFAR10,WaNet,motion_blur,motion_blur,motion_blur,9.0,rsblur,defense,1,0.05,0.1677,0,0.1655,-0.7146,-0.9968888889,0.063,utility_collapse,cifar10/motion_blur/motion_blur_rsblur_defense_log/20260823_185830_CIFAR10ImageFolder_WaNet_motion_blur_9.0_seed1234.log,ConvIR reflect padding/crop
CIFAR10,BadNet,motion_blur,none,none,0.0,rsblur,defense,1,0.05,0.3394,0.9097777778,0.1301,-0.5381,-0.09022222222,0.0301,utility_collapse,cifar10/motion_blur/rsblur_defense_log/20260823_115052_CIFAR10ImageFolder_BadNet_none_0.0_seed1234.log,ConvIR reflect padding/crop
CIFAR10,Blended,motion_blur,none,none,0.0,rsblur,defense,1,0.05,0.3234,0.09711111111,0.1911,-0.5567,-0.9028888889,0.0911,utility_collapse,cifar10/motion_blur/rsblur_defense_log/20260823_120050_CIFAR10ImageFolder_Blended_none_0.0_seed1234.log,ConvIR reflect padding/crop
CIFAR10,ISSBA,motion_blur,none,none,0.0,rsblur,defense,1,0.05,0.3104,0.807,0.1664,-0.5638,-0.1926666667,0.0661,utility_collapse,cifar10/motion_blur/rsblur_defense_log/20260823_122040_CIFAR10ImageFolder_ISSBA_none_0.0_seed1234.log,ConvIR reflect padding/crop
CIFAR10,WaNet,motion_blur,none,none,0.0,rsblur,defense,1,0.05,0.309,0.8926666667,0.1399,-0.5733,-0.1042222222,0.0374,utility_collapse,cifar10/motion_blur/rsblur_defense_log/20260823_203503_CIFAR10ImageFolder_WaNet_none_0.0_seed1234.log,ConvIR reflect padding/crop
CIFAR10,BadNet,zip,zip,zip,1.0,I2I-Diffusion,defense,1,0.05,0.708,0.6035555556,0.3554,-0.1695,-0.3964444444,0.2554,mixed,cifar10/zip/20260823_133356_CIFAR10ImageFolder_BadNet_zip_1.0_seed1234.log,I2I-Diffusion tiling/splitting
CIFAR10,BadNet,zip,zip,zip,2.0,I2I-Diffusion,defense,1,0.05,0.644,0.01966666667,0.6469,-0.2335,-0.9803333333,0.5469,utility_collapse,cifar10/zip/20260823_133749_CIFAR10ImageFolder_BadNet_zip_2.0_seed1234.log,I2I-Diffusion tiling/splitting
CIFAR10,BadNet,zip,zip,zip,4.0,I2I-Diffusion,defense,1,0.05,0.5444,0.007222222222,0.5604,-0.3331,-0.9927777778,0.4604,utility_collapse,cifar10/zip/20260823_134138_CIFAR10ImageFolder_BadNet_zip_4.0_seed1234.log,I2I-Diffusion tiling/splitting
CIFAR10,Blended,zip,zip,zip,1.0,I2I-Diffusion,defense,1,0.05,0.7087,0.1216666667,0.4179,-0.1714,-0.8783333333,0.3179,mixed,cifar10/zip/20260823_134531_CIFAR10ImageFolder_Blended_zip_1.0_seed1234.log,I2I-Diffusion tiling/splitting
CIFAR10,Blended,zip,zip,zip,2.0,I2I-Diffusion,defense,1,0.05,0.6417,0.003,0.5638,-0.2384,-0.997,0.4638,utility_collapse,cifar10/zip/20260823_134922_CIFAR10ImageFolder_Blended_zip_2.0_seed1234.log,I2I-Diffusion tiling/splitting
CIFAR10,Blended,zip,zip,zip,4.0,I2I-Diffusion,defense,1,0.05,0.543,0.001888888889,0.4749,-0.3371,-0.9981111111,0.3749,utility_collapse,cifar10/zip/20260823_135326_CIFAR10ImageFolder_Blended_zip_4.0_seed1234.log,I2I-Diffusion tiling/splitting
CIFAR10,WaNet,zip,zip,zip,1.0,I2I-Diffusion,defense,1,0.05,0.7052,0.005111111111,0.6109,-0.1771,-0.9917777778,0.5084,mixed,cifar10/zip/20260823_204722_CIFAR10ImageFolder_WaNet_zip_1.0_seed1234.log,I2I-Diffusion tiling/splitting
CIFAR10,WaNet,zip,zip,zip,2.0,I2I-Diffusion,defense,1,0.05,0.6412,0.005555555556,0.5429,-0.2411,-0.9913333333,0.4404,utility_collapse,cifar10/zip/20260823_205114_CIFAR10ImageFolder_WaNet_zip_2.0_seed1234.log,I2I-Diffusion tiling/splitting
CIFAR10,WaNet,zip,zip,zip,4.0,I2I-Diffusion,defense,1,0.05,0.541,0.002222222222,0.4381,-0.3413,-0.9946666667,0.3356,utility_collapse,cifar10/zip/20260823_205506_CIFAR10ImageFolder_WaNet_zip_4.0_seed1234.log,I2I-Diffusion tiling/splitting
CIFAR10,ISSBA,zip,zip,zip,1.0,I2I-Diffusion,defense,1,0.05,0.703,0.005555555556,0.7157,-0.1712,-0.9941111111,0.6154,mixed,cifar10/zip/20260823_205854_CIFAR10ImageFolder_ISSBA_zip_1.0_seed1234.log,I2I-Diffusion tiling/splitting
CIFAR10,ISSBA,zip,zip,zip,2.0,I2I-Diffusion,defense,1,0.05,0.6458,0.005222222222,0.6558,-0.2284,-0.9944444445,0.5555,utility_collapse,cifar10/zip/20260823_210245_CIFAR10ImageFolder_ISSBA_zip_2.0_seed1234.log,I2I-Diffusion tiling/splitting
CIFAR10,ISSBA,zip,zip,zip,4.0,I2I-Diffusion,defense,1,0.05,0.5479,0.003111111111,0.5593,-0.3263,-0.9965555556,0.459,utility_collapse,cifar10/zip/20260823_210636_CIFAR10ImageFolder_ISSBA_zip_4.0_seed1234.log,I2I-Diffusion tiling/splitting
