dataset,attack,family,pipeline,degradation,strength,restoration_prior,condition,target_label,poison_rate,ca,asr,pa,delta_ca,delta_asr,delta_pa,outcome,source_log
Imagenette2,BadNet,attack_log,none,none,0.0,none,origin_attack,1,0.05,0.8461146497,0.971388102,0.1263694268,0,0,0,origin_attack,imagenette2/attack_log/20260804_180646_Imagenette2_BadNet_none_0.0_seed1234.log
Imagenette2,Blended,attack_log,none,none,0.0,none,origin_attack,1,0.05,0.861910828,0.997733711,0.1026751592,0,0,0,origin_attack,imagenette2/attack_log/20260804_180754_Imagenette2_Blended_none_0.0_seed1234.log
Imagenette2,ISSBA,attack_log,none,none,0.0,none,origin_attack,1,0.05,0.8287898089,0.9932011331,0.105477707,0,0,0,origin_attack,imagenette2/attack_log/20260808_142102_Imagenette2_ISSBA_none_0.0_seed1234.log
Imagenette2,WaNet,attack_log,none,none,0.0,none,origin_attack,1,0.05,0.8568152866,0.9807801018,0.1151592357,0,0,0,origin_attack,imagenette2/attack_log/20260819_011317_Imagenette2_WaNet_none_0.0_seed1234.log
Imagenette2,BadNet,diffusionzip,diffusionzip,zip,100.0,I2I-Diffusion,defense,1,0.05,0.821910828,0.6937677054,0.3689171975,-0.02420382167,-0.2776203966,0.2425477707,mixed,imagenette2/diffusionzip/20260818_200823_Imagenette2_BadNet_diffusionzip_100.0_seed1234.log
Imagenette2,BadNet,diffusionzip,diffusionzip,zip,200.0,I2I-Diffusion,defense,1,0.05,0.7977070064,0.01444759207,0.7987261146,-0.04840764333,-0.9569405099,0.6723566878,prediction_recovery,imagenette2/diffusionzip/20260818_202716_Imagenette2_BadNet_diffusionzip_200.0_seed1234.log
Imagenette2,BadNet,diffusionzip,diffusionzip,zip,300.0,I2I-Diffusion,defense,1,0.05,0.7785987261,0.01558073654,0.7722292994,-0.06751592359,-0.9558073655,0.6458598726,prediction_recovery,imagenette2/diffusionzip/20260818_205032_Imagenette2_BadNet_diffusionzip_300.0_seed1234.log
Imagenette2,BadNet,diffusionzip,diffusionzip,zip,400.0,I2I-Diffusion,defense,1,0.05,0.7436942675,0.0209631728,0.7385987261,-0.1024203822,-0.9504249292,0.6122292993,mixed,imagenette2/diffusionzip/20260818_211720_Imagenette2_BadNet_diffusionzip_400.0_seed1234.log
Imagenette2,BadNet,diffusionzip,diffusionzip,zip,500.0,I2I-Diffusion,defense,1,0.05,0.6718471338,0.03824362606,0.6670063694,-0.1742675159,-0.9331444759,0.5406369426,mixed,imagenette2/diffusionzip/20260818_214756_Imagenette2_BadNet_diffusionzip_500.0_seed1234.log
Imagenette2,Blended,diffusionzip,diffusionzip,zip,100.0,I2I-Diffusion,defense,1,0.05,0.8239490446,0.4529745042,0.5233121019,-0.03796178341,-0.5447592068,0.4206369427,prediction_recovery,imagenette2/diffusionzip/20260818_222206_Imagenette2_Blended_diffusionzip_100.0_seed1234.log
Imagenette2,Blended,diffusionzip,diffusionzip,zip,200.0,I2I-Diffusion,defense,1,0.05,0.7974522293,0.06968838527,0.7740127389,-0.0644585987,-0.9280453257,0.6713375797,prediction_recovery,imagenette2/diffusionzip/20260818_224042_Imagenette2_Blended_diffusionzip_200.0_seed1234.log
Imagenette2,Blended,diffusionzip,diffusionzip,zip,300.0,I2I-Diffusion,defense,1,0.05,0.7661146497,0.01898016997,0.7368152866,-0.09579617832,-0.978753541,0.6341401274,prediction_recovery,imagenette2/diffusionzip/20260818_230317_Imagenette2_Blended_diffusionzip_300.0_seed1234.log
Imagenette2,Blended,diffusionzip,diffusionzip,zip,400.0,I2I-Diffusion,defense,1,0.05,0.7238216561,0.01898016997,0.6672611465,-0.1380891719,-0.978753541,0.5645859873,mixed,imagenette2/diffusionzip/20260818_232930_Imagenette2_Blended_diffusionzip_400.0_seed1234.log
Imagenette2,Blended,diffusionzip,diffusionzip,zip,500.0,I2I-Diffusion,defense,1,0.05,0.6522292994,0.03739376771,0.5457324841,-0.2096815286,-0.9603399433,0.4430573249,utility_collapse,imagenette2/diffusionzip/20260818_235937_Imagenette2_Blended_diffusionzip_500.0_seed1234.log
Imagenette2,WaNet,diffusionzip,diffusionzip,zip,100.0,I2I-Diffusion,defense,1,0.05,0.7956687898,0.03250423968,0.7694267516,-0.06114649679,-0.9482758621,0.6542675159,prediction_recovery,imagenette2/diffusionzip/20260819_003323_Imagenette2_WaNet_diffusionzip_100.0_seed1234.log
Imagenette2,WaNet,diffusionzip,diffusionzip,zip,200.0,I2I-Diffusion,defense,1,0.05,0.7681528662,0.006218202374,0.7036942675,-0.08866242036,-0.9745618994,0.5885350318,prediction_recovery,imagenette2/diffusionzip/20260819_005317_Imagenette2_WaNet_diffusionzip_200.0_seed1234.log
Imagenette2,WaNet,diffusionzip,diffusionzip,zip,300.0,I2I-Diffusion,defense,1,0.05,0.7278980892,0.005935556812,0.6631847134,-0.1289171974,-0.974844545,0.5480254777,mixed,imagenette2/diffusionzip/20260819_011712_Imagenette2_WaNet_diffusionzip_300.0_seed1234.log
Imagenette2,WaNet,diffusionzip,diffusionzip,zip,400.0,I2I-Diffusion,defense,1,0.05,0.690955414,0.007348784624,0.6280254777,-0.1658598726,-0.9734313172,0.512866242,mixed,imagenette2/diffusionzip/20260819_014458_Imagenette2_WaNet_diffusionzip_400.0_seed1234.log
Imagenette2,WaNet,diffusionzip,diffusionzip,zip,500.0,I2I-Diffusion,defense,1,0.05,0.6022929936,0.008762012436,0.5719745223,-0.254522293,-0.9720180894,0.4568152866,utility_collapse,imagenette2/diffusionzip/20260819_021646_Imagenette2_WaNet_diffusionzip_500.0_seed1234.log
Imagenette2,ISSBA,diffusionzip,diffusionzip,zip,100.0,I2I-Diffusion,defense,1,0.05,0.8170700637,0.00821529745,0.8132484076,-0.01171974521,-0.9849858356,0.7077707006,prediction_recovery,imagenette2/diffusionzip/20260819_025157_Imagenette2_ISSBA_diffusionzip_100.0_seed1234.log
Imagenette2,ISSBA,diffusionzip,diffusionzip,zip,200.0,I2I-Diffusion,defense,1,0.05,0.8002547771,0.009915014164,0.7997452229,-0.02853503183,-0.9832861189,0.6942675159,prediction_recovery,imagenette2/diffusionzip/20260819_031026_Imagenette2_ISSBA_diffusionzip_200.0_seed1234.log
Imagenette2,ISSBA,diffusionzip,diffusionzip,zip,300.0,I2I-Diffusion,defense,1,0.05,0.7839490446,0.01501416431,0.7859872611,-0.04484076431,-0.9781869688,0.6805095541,prediction_recovery,imagenette2/diffusionzip/20260819_033258_Imagenette2_ISSBA_diffusionzip_300.0_seed1234.log
Imagenette2,ISSBA,diffusionzip,diffusionzip,zip,400.0,I2I-Diffusion,defense,1,0.05,0.752611465,0.01813031161,0.7513375796,-0.07617834393,-0.9750708215,0.6458598726,prediction_recovery,imagenette2/diffusionzip/20260819_035909_Imagenette2_ISSBA_diffusionzip_400.0_seed1234.log
Imagenette2,ISSBA,diffusionzip,diffusionzip,zip,500.0,I2I-Diffusion,defense,1,0.05,0.6912101911,0.04815864023,0.6876433121,-0.1375796178,-0.9450424929,0.5821656051,mixed,imagenette2/diffusionzip/20260819_042858_Imagenette2_ISSBA_diffusionzip_500.0_seed1234.log
Imagenette2,BadNet,haze,none,none,0.0,haze4k,defense,1,0.05,0.8382165605,0.7390934844,0.1714649682,-0.00789808919,-0.2322946176,0.04509554135,mixed,imagenette2/haze/haze4k_defense_log/20260816_022152_Imagenette2_BadNet_none_0.0_seed1234.log
Imagenette2,Blended,haze,none,none,0.0,haze4k,defense,1,0.05,0.8522292994,0.9966005666,0.1026751592,-0.009681528637,-0.001133144428,3.566878737e-11,attack_preservation,imagenette2/haze/haze4k_defense_log/20260816_023833_Imagenette2_Blended_none_0.0_seed1234.log
Imagenette2,ISSBA,haze,none,none,0.0,haze4k,defense,1,0.05,0.8099363057,0.9920679887,0.1062420382,-0.01885350317,-0.001133144431,0.0007643312166,attack_preservation,imagenette2/haze/haze4k_defense_log/20260816_030808_Imagenette2_ISSBA_none_0.0_seed1234.log
Imagenette2,WaNet,haze,none,none,0.0,haze4k,defense,1,0.05,0.8448407643,0.9680610514,0.1161783439,-0.01197452227,-0.01271905036,0.001019108249,attack_preservation,imagenette2/haze/haze4k_defense_log/20260818_231536_Imagenette2_WaNet_none_0.0_seed1234.log
Imagenette2,BadNet,haze,haze,haze,0.15,none,defense,1,0.05,0.8303184713,0.9526912181,0.1431847134,-0.01579617836,-0.01869688387,0.01681528658,attack_preservation,imagenette2/haze/haze_defense_log/20260816_200111_Imagenette2_BadNet_haze_0.15_seed1234.log
Imagenette2,BadNet,haze,haze,haze,0.2,none,defense,1,0.05,0.8196178344,0.9498583569,0.1457324841,-0.02649681531,-0.02152974506,0.01936305728,attack_preservation,imagenette2/haze/haze_defense_log/20260816_200957_Imagenette2_BadNet_haze_0.2_seed1234.log
Imagenette2,BadNet,haze,haze,haze,0.5,none,defense,1,0.05,0.6512101911,0.8869688385,0.1994904459,-0.1949044586,-0.08441926347,0.07312101906,attack_preservation,imagenette2/haze/haze_defense_log/20260816_201839_Imagenette2_BadNet_haze_0.5_seed1234.log
Imagenette2,BadNet,haze,haze,haze,0.75,none,defense,1,0.05,0.3518471338,0.3490084986,0.3729936306,-0.4942675159,-0.6223796034,0.2466242038,utility_collapse,imagenette2/haze/haze_defense_log/20260816_202745_Imagenette2_BadNet_haze_0.75_seed1234.log
Imagenette2,BadNet,haze,haze,haze,0.9,none,defense,1,0.05,0.1561783439,0.000283286119,0.1546496815,-0.6899363058,-0.9711048159,0.02828025473,utility_collapse,imagenette2/haze/haze_defense_log/20260816_203700_Imagenette2_BadNet_haze_0.9_seed1234.log
Imagenette2,Blended,haze,haze,haze,0.15,none,defense,1,0.05,0.8491719745,0.9971671388,0.1031847134,-0.01273885348,-0.0005665721898,0.0005095541758,attack_preservation,imagenette2/haze/haze_defense_log/20260816_205208_Imagenette2_Blended_haze_0.15_seed1234.log
Imagenette2,Blended,haze,haze,haze,0.2,none,defense,1,0.05,0.8356687898,0.9963172805,0.1039490446,-0.02624203819,-0.001416430547,0.001273885386,attack_preservation,imagenette2/haze/haze_defense_log/20260816_205911_Imagenette2_Blended_haze_0.2_seed1234.log
Imagenette2,Blended,haze,haze,haze,0.5,none,defense,1,0.05,0.6960509554,0.9745042493,0.1210191083,-0.1658598726,-0.02322946171,0.01834394908,attack_preservation,imagenette2/haze/haze_defense_log/20260816_210621_Imagenette2_Blended_haze_0.5_seed1234.log
Imagenette2,Blended,haze,haze,haze,0.75,none,defense,1,0.05,0.3847133758,0.195184136,0.1503184713,-0.4771974522,-0.802549575,0.04764331214,utility_collapse,imagenette2/haze/haze_defense_log/20260816_211356_Imagenette2_Blended_haze_0.75_seed1234.log
Imagenette2,Blended,haze,haze,haze,0.9,none,defense,1,0.05,0.1498089172,0.001699716714,0.1092993631,-0.7121019108,-0.9960339943,0.006624203857,utility_collapse,imagenette2/haze/haze_defense_log/20260816_212206_Imagenette2_Blended_haze_0.9_seed1234.log
Imagenette2,ISSBA,haze,haze,haze,0.15,none,defense,1,0.05,0.8160509554,0.990368272,0.1082802548,-0.01273885349,-0.002832861145,0.002802547777,attack_preservation,imagenette2/haze/haze_defense_log/20260816_212914_Imagenette2_ISSBA_haze_0.15_seed1234.log
Imagenette2,ISSBA,haze,haze,haze,0.2,none,defense,1,0.05,0.8061146497,0.9883852691,0.1098089172,-0.02267515922,-0.004815863978,0.004331210197,attack_preservation,imagenette2/haze/haze_defense_log/20260816_213653_Imagenette2_ISSBA_haze_0.2_seed1234.log
Imagenette2,ISSBA,haze,haze,haze,0.5,none,defense,1,0.05,0.6672611465,0.9337110482,0.1485350318,-0.1615286624,-0.05949008494,0.04305732485,attack_preservation,imagenette2/haze/haze_defense_log/20260816_214433_Imagenette2_ISSBA_haze_0.5_seed1234.log
Imagenette2,ISSBA,haze,haze,haze,0.75,none,defense,1,0.05,0.3770700637,0.3263456091,0.3551592357,-0.4517197452,-0.666855524,0.2496815287,utility_collapse,imagenette2/haze/haze_defense_log/20260816_215259_Imagenette2_ISSBA_haze_0.75_seed1234.log
Imagenette2,ISSBA,haze,haze,haze,0.9,none,defense,1,0.05,0.1900636943,0,0.1707006369,-0.6387261146,-0.9932011331,0.06522292994,utility_collapse,imagenette2/haze/haze_defense_log/20260816_220150_Imagenette2_ISSBA_haze_0.9_seed1234.log
Imagenette2,WaNet,haze,haze,haze,0.15,none,defense,1,0.05,0.8453503185,0.9867156586,0.1100636943,-0.01146496813,0.005935556764,-0.005095541432,attack_preservation,imagenette2/haze/haze_defense_log/20260819_040054_Imagenette2_WaNet_haze_0.15_seed1234.log
Imagenette2,WaNet,haze,haze,haze,0.2,none,defense,1,0.05,0.8341401274,0.9869983041,0.1095541401,-0.02267515921,0.006218202327,-0.005605095573,attack_preservation,imagenette2/haze/haze_defense_log/20260819_040905_Imagenette2_WaNet_haze_0.2_seed1234.log
Imagenette2,WaNet,haze,haze,haze,0.5,none,defense,1,0.05,0.7044585987,0.9892594686,0.1067515924,-0.1523566879,0.008479366826,-0.008407643343,attack_preservation,imagenette2/haze/haze_defense_log/20260819_041718_Imagenette2_WaNet_haze_0.5_seed1234.log
Imagenette2,WaNet,haze,haze,haze,0.75,none,defense,1,0.05,0.4664968153,0.9725833804,0.1138853503,-0.3903184713,-0.008196721359,-0.001273885382,utility_collapse,imagenette2/haze/haze_defense_log/20260819_042554_Imagenette2_WaNet_haze_0.75_seed1234.log
Imagenette2,WaNet,haze,haze,haze,0.9,none,defense,1,0.05,0.1895541401,0.6820237422,0.1184713376,-0.6672611465,-0.2987563596,0.00331210188,utility_collapse,imagenette2/haze/haze_defense_log/20260819_043437_Imagenette2_WaNet_haze_0.9_seed1234.log
Imagenette2,BadNet,haze,haze,haze,0.15,haze4k,defense,1,0.05,0.8405095541,0.828611898,0.1798726115,-0.00560509556,-0.142776204,0.05350318466,attack_preservation,imagenette2/haze/haze_haze4k_defense_log/20260815_222223_Imagenette2_BadNet_haze_0.15_seed1234.log
Imagenette2,BadNet,haze,haze,haze,0.2,haze4k,defense,1,0.05,0.8425477707,0.840509915,0.1857324841,-0.003566878999,-0.130878187,0.05936305728,attack_preservation,imagenette2/haze/haze_haze4k_defense_log/20260815_223931_Imagenette2_BadNet_haze_0.2_seed1234.log
Imagenette2,BadNet,haze,haze,haze,0.5,haze4k,defense,1,0.05,0.8392356688,0.7677053824,0.3057324841,-0.00687898091,-0.2036827196,0.1793630573,mixed,imagenette2/haze/haze_haze4k_defense_log/20260815_225627_Imagenette2_BadNet_haze_0.5_seed1234.log
Imagenette2,BadNet,haze,haze,haze,0.75,haze4k,defense,1,0.05,0.8397452229,0.5620396601,0.4848407643,-0.00636942677,-0.4093484419,0.3584713375,mixed,imagenette2/haze/haze_haze4k_defense_log/20260815_231330_Imagenette2_BadNet_haze_0.75_seed1234.log
Imagenette2,BadNet,haze,haze,haze,0.9,haze4k,defense,1,0.05,0.7289171975,0.583286119,0.4428025478,-0.1171974522,-0.388101983,0.316433121,mixed,imagenette2/haze/haze_haze4k_defense_log/20260815_233014_Imagenette2_BadNet_haze_0.9_seed1234.log
Imagenette2,Blended,haze,haze,haze,0.15,haze4k,defense,1,0.05,0.8563057325,0.997733711,0.1024203822,-0.005605095516,4.815869925e-11,-0.0002547770344,attack_preservation,imagenette2/haze/haze_haze4k_defense_log/20260815_234812_Imagenette2_Blended_haze_0.15_seed1234.log
Imagenette2,Blended,haze,haze,haze,0.2,haze4k,defense,1,0.05,0.8578343949,0.9974504249,0.1024203822,-0.004076433096,-0.0002832860708,-0.0002547770344,attack_preservation,imagenette2/haze/haze_haze4k_defense_log/20260816_000358_Imagenette2_Blended_haze_0.2_seed1234.log
Imagenette2,Blended,haze,haze,haze,0.5,haze4k,defense,1,0.05,0.8557961783,0.997733711,0.1026751592,-0.006114649656,4.815869925e-11,3.566878737e-11,attack_preservation,imagenette2/haze/haze_haze4k_defense_log/20260816_001952_Imagenette2_Blended_haze_0.5_seed1234.log
Imagenette2,Blended,haze,haze,haze,0.75,haze4k,defense,1,0.05,0.8593630573,0.9960339943,0.1031847134,-0.002547770675,-0.001699716666,0.0005095541758,attack_preservation,imagenette2/haze/haze_haze4k_defense_log/20260816_003516_Imagenette2_Blended_haze_0.75_seed1234.log
Imagenette2,Blended,haze,haze,haze,0.9,haze4k,defense,1,0.05,0.7411464968,0.8920679887,0.1508280255,-0.1207643312,-0.1056657223,0.04815286628,attack_preservation,imagenette2/haze/haze_haze4k_defense_log/20260816_005004_Imagenette2_Blended_haze_0.9_seed1234.log
Imagenette2,ISSBA,haze,haze,haze,0.15,haze4k,defense,1,0.05,0.8175796178,0.9909348442,0.1077707006,-0.01121019107,-0.002266288907,0.002292993637,attack_preservation,imagenette2/haze/haze_haze4k_defense_log/20260816_022926_Imagenette2_ISSBA_haze_0.15_seed1234.log
Imagenette2,ISSBA,haze,haze,haze,0.2,haze4k,defense,1,0.05,0.8203821656,0.9895184136,0.1087898089,-0.008407643295,-0.003682719502,0.003312101917,attack_preservation,imagenette2/haze/haze_haze4k_defense_log/20260816_024527_Imagenette2_ISSBA_haze_0.2_seed1234.log
Imagenette2,ISSBA,haze,haze,haze,0.5,haze4k,defense,1,0.05,0.821656051,0.9745042493,0.1212738854,-0.007133757945,-0.01869688381,0.01579617835,attack_preservation,imagenette2/haze/haze_haze4k_defense_log/20260816_030020_Imagenette2_ISSBA_haze_0.5_seed1234.log
Imagenette2,ISSBA,haze,haze,haze,0.75,haze4k,defense,1,0.05,0.8206369427,0.7674220963,0.2891719745,-0.008152866225,-0.2257790368,0.1836942675,mixed,imagenette2/haze/haze_haze4k_defense_log/20260816_031510_Imagenette2_ISSBA_haze_0.75_seed1234.log
Imagenette2,ISSBA,haze,haze,haze,0.9,haze4k,defense,1,0.05,0.7159235669,0.0178470255,0.7166878981,-0.112866242,-0.9753541076,0.6112101911,mixed,imagenette2/haze/haze_haze4k_defense_log/20260816_032949_Imagenette2_ISSBA_haze_0.9_seed1234.log
Imagenette2,WaNet,haze,haze,haze,0.15,haze4k,defense,1,0.05,0.8527388535,0.9748445449,0.1156687898,-0.004076433097,-0.005935556859,0.0005095541089,attack_preservation,imagenette2/haze/haze_haze4k_defense_log/20260818_232832_Imagenette2_WaNet_haze_0.15_seed1234.log
Imagenette2,WaNet,haze,haze,haze,0.2,haze4k,defense,1,0.05,0.8529936306,0.9759751272,0.1156687898,-0.003821656027,-0.004804974609,0.0005095541089,attack_preservation,imagenette2/haze/haze_haze4k_defense_log/20260818_234526_Imagenette2_WaNet_haze_0.2_seed1234.log
Imagenette2,WaNet,haze,haze,haze,0.5,haze4k,defense,1,0.05,0.8517197452,0.9771057094,0.1154140127,-0.005095541377,-0.00367439236,0.0002547770389,attack_preservation,imagenette2/haze/haze_haze4k_defense_log/20260819_000155_Imagenette2_WaNet_haze_0.5_seed1234.log
Imagenette2,WaNet,haze,haze,haze,0.75,haze4k,defense,1,0.05,0.8563057325,0.9779536461,0.1154140127,-0.0005095541159,-0.002826455672,0.0002547770389,attack_preservation,imagenette2/haze/haze_haze4k_defense_log/20260819_001825_Imagenette2_WaNet_haze_0.75_seed1234.log
Imagenette2,WaNet,haze,haze,haze,0.9,haze4k,defense,1,0.05,0.7431847134,0.977388355,0.1156687898,-0.1136305732,-0.003391746797,0.0005095541089,attack_preservation,imagenette2/haze/haze_haze4k_defense_log/20260819_003432_Imagenette2_WaNet_haze_0.9_seed1234.log
Imagenette2,BadNet,haze,haze,haze,0.15,its,defense,1,0.05,0.796433121,0.5895184136,0.4346496815,-0.04968152868,-0.3818696884,0.3082802547,mixed,imagenette2/haze/haze_its_defense_log/20260816_064049_Imagenette2_BadNet_haze_0.15_seed1234.log
Imagenette2,BadNet,haze,haze,haze,0.2,its,defense,1,0.05,0.8012738854,0.4949008499,0.5075159236,-0.04484076435,-0.4764872521,0.3811464968,mixed,imagenette2/haze/haze_its_defense_log/20260816_065744_Imagenette2_BadNet_haze_0.2_seed1234.log
Imagenette2,BadNet,haze,haze,haze,0.5,its,defense,1,0.05,0.8127388535,0.1254957507,0.7676433121,-0.0333757962,-0.8458923513,0.6412738853,prediction_recovery,imagenette2/haze/haze_its_defense_log/20260816_071431_Imagenette2_BadNet_haze_0.5_seed1234.log
Imagenette2,BadNet,haze,haze,haze,0.75,its,defense,1,0.05,0.8150318471,0.2900849858,0.6792356688,-0.03108280257,-0.6813031162,0.552866242,prediction_recovery,imagenette2/haze/haze_its_defense_log/20260816_073123_Imagenette2_BadNet_haze_0.75_seed1234.log
Imagenette2,BadNet,haze,haze,haze,0.9,its,defense,1,0.05,0.7289171975,0.08696883853,0.7294267516,-0.1171974522,-0.8844192635,0.6030573248,mixed,imagenette2/haze/haze_its_defense_log/20260816_074709_Imagenette2_BadNet_haze_0.9_seed1234.log
Imagenette2,Blended,haze,haze,haze,0.15,its,defense,1,0.05,0.8206369427,0.1620396601,0.1092993631,-0.04127388532,-0.8356940509,0.006624203857,target_disruption,imagenette2/haze/haze_its_defense_log/20260816_080255_Imagenette2_Blended_haze_0.15_seed1234.log
Imagenette2,Blended,haze,haze,haze,0.2,its,defense,1,0.05,0.8264968153,0.1456090652,0.1044585987,-0.03541401271,-0.8521246458,0.001783439526,target_disruption,imagenette2/haze/haze_its_defense_log/20260816_081628_Imagenette2_Blended_haze_0.2_seed1234.log
Imagenette2,Blended,haze,haze,haze,0.5,its,defense,1,0.05,0.8369426752,0.1161473088,0.07286624204,-0.02496815284,-0.8815864022,-0.02980891716,target_disruption,imagenette2/haze/haze_its_defense_log/20260816_083035_Imagenette2_Blended_haze_0.5_seed1234.log
Imagenette2,Blended,haze,haze,haze,0.75,its,defense,1,0.05,0.8417834395,0.3787535411,0.0850955414,-0.02012738851,-0.6189801699,-0.0175796178,target_disruption,imagenette2/haze/haze_its_defense_log/20260816_084400_Imagenette2_Blended_haze_0.75_seed1234.log
Imagenette2,Blended,haze,haze,haze,0.9,its,defense,1,0.05,0.7408917197,0.9433427762,0.1301910828,-0.1210191083,-0.0543909348,0.0275159236,attack_preservation,imagenette2/haze/haze_its_defense_log/20260816_085805_Imagenette2_Blended_haze_0.9_seed1234.log
Imagenette2,ISSBA,haze,haze,haze,0.15,its,defense,1,0.05,0.7737579618,0.9104815864,0.1281528662,-0.05503184712,-0.0827195467,0.02267515924,attack_preservation,imagenette2/haze/haze_its_defense_log/20260816_103029_Imagenette2_ISSBA_haze_0.15_seed1234.log
Imagenette2,ISSBA,haze,haze,haze,0.2,its,defense,1,0.05,0.7788535032,0.9101983003,0.1281528662,-0.04993630572,-0.08300283282,0.02267515924,attack_preservation,imagenette2/haze/haze_its_defense_log/20260816_104500_Imagenette2_ISSBA_haze_0.2_seed1234.log
Imagenette2,ISSBA,haze,haze,haze,0.5,its,defense,1,0.05,0.7908280255,0.8521246459,0.1640764331,-0.03796178342,-0.1410764872,0.05859872612,attack_preservation,imagenette2/haze/haze_its_defense_log/20260816_105913_Imagenette2_ISSBA_haze_0.5_seed1234.log
Imagenette2,ISSBA,haze,haze,haze,0.75,its,defense,1,0.05,0.7954140127,0.5053824363,0.4333757962,-0.03337579616,-0.4878186968,0.3278980892,mixed,imagenette2/haze/haze_its_defense_log/20260816_111329_Imagenette2_ISSBA_haze_0.75_seed1234.log
Imagenette2,ISSBA,haze,haze,haze,0.9,its,defense,1,0.05,0.7100636943,0.02521246459,0.5910828025,-0.1187261146,-0.9679886685,0.4856050955,mixed,imagenette2/haze/haze_its_defense_log/20260816_112806_Imagenette2_ISSBA_haze_0.9_seed1234.log
Imagenette2,WaNet,haze,haze,haze,0.15,its,defense,1,0.05,0.8150318471,0.8790276993,0.138089172,-0.04178343947,-0.1017524025,0.02292993627,attack_preservation,imagenette2/haze/haze_its_defense_log/20260819_011637_Imagenette2_WaNet_haze_0.15_seed1234.log
Imagenette2,WaNet,haze,haze,haze,0.2,its,defense,1,0.05,0.8221656051,0.884397965,0.1421656051,-0.0346496815,-0.09638213685,0.0270063694,attack_preservation,imagenette2/haze/haze_its_defense_log/20260819_013331_Imagenette2_WaNet_haze_0.2_seed1234.log
Imagenette2,WaNet,haze,haze,haze,0.5,its,defense,1,0.05,0.832866242,0.9092707744,0.1464968153,-0.02394904456,-0.07150932735,0.03133757959,attack_preservation,imagenette2/haze/haze_its_defense_log/20260819_014854_Imagenette2_WaNet_haze_0.5_seed1234.log
Imagenette2,WaNet,haze,haze,haze,0.75,its,defense,1,0.05,0.8338853503,0.9177501413,0.1571974522,-0.02292993628,-0.06302996048,0.04203821653,attack_preservation,imagenette2/haze/haze_its_defense_log/20260819_020346_Imagenette2_WaNet_haze_0.75_seed1234.log
Imagenette2,WaNet,haze,haze,haze,0.9,its,defense,1,0.05,0.7182165605,0.7936687394,0.2066242038,-0.1385987261,-0.1871113624,0.09146496812,attack_preservation,imagenette2/haze/haze_its_defense_log/20260819_021832_Imagenette2_WaNet_haze_0.9_seed1234.log
Imagenette2,BadNet,haze,haze,haze,0.15,ots,defense,1,0.05,0.8456050955,0.8410764873,0.243566879,-0.0005095541586,-0.1303116147,0.1171974522,attack_preservation,imagenette2/haze/haze_ots_defense_log/20260816_141409_Imagenette2_BadNet_haze_0.15_seed1234.log
Imagenette2,BadNet,haze,haze,haze,0.2,ots,defense,1,0.05,0.8463694268,0.823796034,0.2585987261,0.0002547770516,-0.147592068,0.1322292993,attack_preservation,imagenette2/haze/haze_ots_defense_log/20260816_143009_Imagenette2_BadNet_haze_0.2_seed1234.log
Imagenette2,BadNet,haze,haze,haze,0.5,ots,defense,1,0.05,0.8389808917,0.7849858357,0.2924840764,-0.00713375798,-0.1864022663,0.1661146496,attack_preservation,imagenette2/haze/haze_ots_defense_log/20260816_144654_Imagenette2_BadNet_haze_0.5_seed1234.log
Imagenette2,BadNet,haze,haze,haze,0.75,ots,defense,1,0.05,0.8114649682,0.6730878187,0.3862420382,-0.03464968155,-0.2983002833,0.2598726114,mixed,imagenette2/haze/haze_ots_defense_log/20260816_150211_Imagenette2_BadNet_haze_0.75_seed1234.log
Imagenette2,BadNet,haze,haze,haze,0.9,ots,defense,1,0.05,0.2659872611,0.04759206799,0.2608917197,-0.5801273886,-0.923796034,0.1345222929,utility_collapse,imagenette2/haze/haze_ots_defense_log/20260816_151755_Imagenette2_BadNet_haze_0.9_seed1234.log
Imagenette2,Blended,haze,haze,haze,0.15,ots,defense,1,0.05,0.8629299363,0.9974504249,0.1029299363,0.001019108306,-0.0002832860708,0.0002547771057,attack_preservation,imagenette2/haze/haze_ots_defense_log/20260816_173045_Imagenette2_Blended_haze_0.15_seed1234.log
Imagenette2,ISSBA,haze,haze,haze,0.15,ots,defense,1,0.05,0.8272611465,0.01133144476,0.8252229299,-0.001528662403,-0.9818696883,0.7197452229,prediction_recovery,imagenette2/haze/haze_ots_defense_log/20260816_181813_Imagenette2_ISSBA_haze_0.15_seed1234.log
Imagenette2,ISSBA,haze,haze,haze,0.2,ots,defense,1,0.05,0.8267515924,0.01161473088,0.8252229299,-0.002038216543,-0.9815864022,0.7197452229,prediction_recovery,imagenette2/haze/haze_ots_defense_log/20260816_183410_Imagenette2_ISSBA_haze_0.2_seed1234.log
Imagenette2,ISSBA,haze,haze,haze,0.5,ots,defense,1,0.05,0.8226751592,0.01161473088,0.8229299363,-0.006114649664,-0.9815864022,0.7174522293,prediction_recovery,imagenette2/haze/haze_ots_defense_log/20260816_185006_Imagenette2_ISSBA_haze_0.5_seed1234.log
Imagenette2,ISSBA,haze,haze,haze,0.75,ots,defense,1,0.05,0.7946496815,0.008781869688,0.7956687898,-0.03414012737,-0.9844192634,0.6901910828,prediction_recovery,imagenette2/haze/haze_ots_defense_log/20260816_190556_Imagenette2_ISSBA_haze_0.75_seed1234.log
Imagenette2,ISSBA,haze,haze,haze,0.9,ots,defense,1,0.05,0.3034394904,0.0008498583569,0.301656051,-0.5253503185,-0.9923512747,0.196178344,utility_collapse,imagenette2/haze/haze_ots_defense_log/20260816_192145_Imagenette2_ISSBA_haze_0.9_seed1234.log
Imagenette2,Blended,haze,haze,haze,0.2,ots,defense,1,0.05,0.8626751592,0.9974504249,0.1029299363,0.0007643312357,-0.0002832860708,0.0002547771057,attack_preservation,imagenette2/haze/haze_ots_defense_log/20260816_194447_Imagenette2_Blended_haze_0.2_seed1234.log
Imagenette2,Blended,haze,haze,haze,0.5,ots,defense,1,0.05,0.8614012739,0.9971671388,0.1031847134,-0.0005095541146,-0.0005665721898,0.0005095541758,attack_preservation,imagenette2/haze/haze_ots_defense_log/20260816_195806_Imagenette2_Blended_haze_0.5_seed1234.log
Imagenette2,Blended,haze,haze,haze,0.75,ots,defense,1,0.05,0.8351592357,0.9835694051,0.1105732484,-0.02675159233,-0.0141643059,0.007898089208,attack_preservation,imagenette2/haze/haze_ots_defense_log/20260816_201208_Imagenette2_Blended_haze_0.75_seed1234.log
Imagenette2,Blended,haze,haze,haze,0.9,ots,defense,1,0.05,0.2822929936,0.03767705382,0.1256050955,-0.5796178344,-0.9600566572,0.02292993634,utility_collapse,imagenette2/haze/haze_ots_defense_log/20260816_202618_Imagenette2_Blended_haze_0.9_seed1234.log
Imagenette2,WaNet,haze,haze,haze,0.15,ots,defense,1,0.05,0.8578343949,0.9807801018,0.1151592357,0.001019108304,-4.759748151e-11,-3.121018721e-11,attack_preservation,imagenette2/haze/haze_ots_defense_log/20260819_024102_Imagenette2_WaNet_haze_0.15_seed1234.log
Imagenette2,WaNet,haze,haze,haze,0.2,ots,defense,1,0.05,0.858089172,0.9799321651,0.1159235669,0.001273885375,-0.000847936735,0.000764331179,attack_preservation,imagenette2/haze/haze_ots_defense_log/20260819_025539_Imagenette2_WaNet_haze_0.2_seed1234.log
Imagenette2,WaNet,haze,haze,haze,0.5,ots,defense,1,0.05,0.8537579618,0.9802148106,0.1159235669,-0.003057324817,-0.0005652911725,0.000764331179,attack_preservation,imagenette2/haze/haze_ots_defense_log/20260819_031015_Imagenette2_WaNet_haze_0.5_seed1234.log
Imagenette2,WaNet,haze,haze,haze,0.75,ots,defense,1,0.05,0.8236942675,0.9782362917,0.1169426752,-0.03312101908,-0.00254381011,0.001783439459,attack_preservation,imagenette2/haze/haze_ots_defense_log/20260819_032455_Imagenette2_WaNet_haze_0.75_seed1234.log
Imagenette2,WaNet,haze,haze,haze,0.9,ots,defense,1,0.05,0.3184713376,0.7374222725,0.1447133758,-0.538343949,-0.2433578293,0.0295541401,utility_collapse,imagenette2/haze/haze_ots_defense_log/20260819_033941_Imagenette2_WaNet_haze_0.9_seed1234.log
Imagenette2,BadNet,haze,none,none,0.0,its,defense,1,0.05,0.789044586,0.7750708215,0.2723566879,-0.05707006371,-0.1963172805,0.1459872611,attack_preservation,imagenette2/haze/its_defense_log/20260816_004746_Imagenette2_BadNet_none_0.0_seed1234.log
Imagenette2,Blended,haze,none,none,0.0,its,defense,1,0.05,0.8140127389,0.2240793201,0.1113375796,-0.04789808915,-0.7736543909,0.008662420418,target_disruption,imagenette2/haze/its_defense_log/20260816_010450_Imagenette2_Blended_none_0.0_seed1234.log
Imagenette2,ISSBA,haze,none,none,0.0,its,defense,1,0.05,0.7630573248,0.8954674221,0.1268789809,-0.06573248406,-0.097733711,0.02140127389,attack_preservation,imagenette2/haze/its_defense_log/20260816_013808_Imagenette2_ISSBA_none_0.0_seed1234.log
Imagenette2,WaNet,haze,none,none,0.0,its,defense,1,0.05,0.8053503185,0.8496325608,0.1436942675,-0.05146496813,-0.131147541,0.02853503182,attack_preservation,imagenette2/haze/its_defense_log/20260819_002810_Imagenette2_WaNet_none_0.0_seed1234.log
Imagenette2,BadNet,haze,none,none,0.0,ots,defense,1,0.05,0.8445859873,0.8801699717,0.2084076433,-0.001528662439,-0.09121813033,0.08203821651,attack_preservation,imagenette2/haze/ots_defense_log/20260816_063104_Imagenette2_BadNet_none_0.0_seed1234.log
Imagenette2,Blended,haze,none,none,0.0,ots,defense,1,0.05,0.8626751592,0.9974504249,0.1029299363,0.0007643312357,-0.0002832860708,0.0002547771057,attack_preservation,imagenette2/haze/ots_defense_log/20260816_064701_Imagenette2_Blended_none_0.0_seed1234.log
Imagenette2,ISSBA,haze,none,none,0.0,ots,defense,1,0.05,0.8244585987,0.01246458924,0.8236942675,-0.004331210174,-0.9807365439,0.7182165605,prediction_recovery,imagenette2/haze/ots_defense_log/20260816_071918_Imagenette2_ISSBA_none_0.0_seed1234.log
Imagenette2,WaNet,haze,none,none,0.0,ots,defense,1,0.05,0.8573248408,0.9793668739,0.116433121,0.0005095541643,-0.00141322786,0.001273885319,attack_preservation,imagenette2/haze/ots_defense_log/20260818_235537_Imagenette2_WaNet_none_0.0_seed1234.log
Imagenette2,BadNet,litebd,litebd_full,litebd,0.5,litebd,defense,1,0.05,0.6843312102,0.01187111362,0.8280254777,-0.1617834395,-0.9595169884,0.7016560509,mixed,imagenette2/litebd/20260821_022940_Imagenette2_BadNet_litebd_full_0.5_seed1234.log
Imagenette2,Blended,litebd,litebd_full,litebd,0.5,litebd,defense,1,0.05,0.6828025478,0.06840022612,0.4221656051,-0.1791082802,-0.9293334849,0.3194904459,mixed,imagenette2/litebd/20260821_023007_Imagenette2_Blended_litebd_full_0.5_seed1234.log
Imagenette2,WaNet,litebd,litebd_full,litebd,0.5,litebd,defense,1,0.05,0.6504458599,0.01017524025,0.7793630573,-0.2063694267,-0.9706048616,0.6642038216,utility_collapse,imagenette2/litebd/20260821_023034_Imagenette2_WaNet_litebd_full_0.5_seed1234.log
Imagenette2,ISSBA,litebd,litebd_full,litebd,0.5,litebd,defense,1,0.05,0.7024203822,0.01671388102,0.8252229299,-0.1263694267,-0.9764872521,0.7197452229,mixed,imagenette2/litebd/20260821_023101_Imagenette2_ISSBA_litebd_full_0.5_seed1234.log
Imagenette2,BadNet,litebd_bicubic,litebd_stage1_bicubic,litebd,0.5,litebd_bicubic,defense,1,0.05,0.8163057325,0.013566987,0.8104458599,-0.02980891722,-0.957821115,0.6840764331,prediction_recovery,imagenette2/litebd_bicubic/20260821_135718_Imagenette2_BadNet_litebd_stage1_bicubic_0.5_seed1234.log
Imagenette2,Blended,litebd_bicubic,litebd_stage1_bicubic,litebd,0.5,litebd_bicubic,defense,1,0.05,0.8043312102,0.09496890899,0.5067515924,-0.05757961781,-0.902764802,0.4040764332,prediction_recovery,imagenette2/litebd_bicubic/20260821_135745_Imagenette2_Blended_litebd_stage1_bicubic_0.5_seed1234.log
Imagenette2,WaNet,litebd_bicubic,litebd_stage1_bicubic,litebd,0.5,litebd_bicubic,defense,1,0.05,0.665477707,0.1930469192,0.6127388535,-0.1913375796,-0.7877331826,0.4975796178,mixed,imagenette2/litebd_bicubic/20260821_135812_Imagenette2_WaNet_litebd_stage1_bicubic_0.5_seed1234.log
Imagenette2,ISSBA,litebd_bicubic,litebd_stage1_bicubic,litebd,0.5,litebd_bicubic,defense,1,0.05,0.8264968153,0.01529745042,0.829044586,-0.002292993613,-0.9779036827,0.723566879,prediction_recovery,imagenette2/litebd_bicubic/20260821_135839_Imagenette2_ISSBA_litebd_stage1_bicubic_0.5_seed1234.log
Imagenette2,BadNet,litebd_swinir,litebd_stage1_swinir,litebd,0.5,litebd_swinir,defense,1,0.05,0.8453503185,0.01187111362,0.8450955414,-0.0007643312287,-0.9595169884,0.7187261146,prediction_recovery,imagenette2/litebd_swinir/20260821_135517_Imagenette2_BadNet_litebd_stage1_swinir_0.5_seed1234.log
Imagenette2,Blended,litebd_swinir,litebd_stage1_swinir,litebd,0.5,litebd_swinir,defense,1,0.05,0.843566879,0.06868287168,0.4234394904,-0.01834394902,-0.9290508393,0.3207643312,prediction_recovery,imagenette2/litebd_swinir/20260821_135545_Imagenette2_Blended_litebd_stage1_swinir_0.5_seed1234.log
Imagenette2,WaNet,litebd_swinir,litebd_stage1_swinir,litebd,0.5,litebd_swinir,defense,1,0.05,0.7864968153,0.007914075749,0.7826751592,-0.07031847131,-0.9728660261,0.6675159235,prediction_recovery,imagenette2/litebd_swinir/20260821_135612_Imagenette2_WaNet_litebd_stage1_swinir_0.5_seed1234.log
Imagenette2,ISSBA,litebd_swinir,litebd_stage1_swinir,litebd,0.5,litebd_swinir,defense,1,0.05,0.8285350318,0.01274787535,0.8287898089,-0.0002547770529,-0.9804532577,0.7233121019,prediction_recovery,imagenette2/litebd_swinir/20260821_135638_Imagenette2_ISSBA_litebd_stage1_swinir_0.5_seed1234.log
Imagenette2,BadNet,motion_blur,none,none,0.0,gopro,defense,1,0.05,0.8208917197,0.01274787535,0.8117197452,-0.02522292995,-0.9586402266,0.6853503184,prediction_recovery,imagenette2/motion_blur/gopro_defense_log/20260815_221834_Imagenette2_BadNet_none_0.0_seed1234.log
Imagenette2,Blended,motion_blur,none,none,0.0,gopro,defense,1,0.05,0.814522293,0.9886685552,0.109044586,-0.04738853501,-0.009065155759,0.006369426787,attack_preservation,imagenette2/motion_blur/gopro_defense_log/20260815_223444_Imagenette2_Blended_none_0.0_seed1234.log
Imagenette2,ISSBA,motion_blur,none,none,0.0,gopro,defense,1,0.05,0.792611465,0.8804532578,0.2002547771,-0.03617834393,-0.1127478753,0.09477707007,attack_preservation,imagenette2/motion_blur/gopro_defense_log/20260815_230642_Imagenette2_ISSBA_none_0.0_seed1234.log
Imagenette2,WaNet,motion_blur,none,none,0.0,gopro,defense,1,0.05,0.7070063694,0.5935556812,0.4056050955,-0.1498089172,-0.3872244206,0.2904458598,mixed,imagenette2/motion_blur/gopro_defense_log/20260818_224825_Imagenette2_WaNet_none_0.0_seed1234.log
Imagenette2,BadNet,motion_blur,motion_blur,motion_blur,3.0,none,defense,1,0.05,0.8366878981,0.4011331445,0.6124840764,-0.009426751611,-0.5702549575,0.4861146496,prediction_recovery,imagenette2/motion_blur/motion_blur_defense_log/20260816_141440_Imagenette2_BadNet_motion_blur_3.0_seed1234.log
Imagenette2,BadNet,motion_blur,motion_blur,motion_blur,5.0,none,defense,1,0.05,0.7921019108,0.06997167139,0.7936305732,-0.05401273887,-0.9014164306,0.6672611464,prediction_recovery,imagenette2/motion_blur/motion_blur_defense_log/20260816_142336_Imagenette2_BadNet_motion_blur_5.0_seed1234.log
Imagenette2,BadNet,motion_blur,motion_blur,motion_blur,7.0,none,defense,1,0.05,0.7477707006,0.0895184136,0.7482802548,-0.09834394906,-0.8818696884,0.621910828,prediction_recovery,imagenette2/motion_blur/motion_blur_defense_log/20260816_143309_Imagenette2_BadNet_motion_blur_7.0_seed1234.log
Imagenette2,BadNet,motion_blur,motion_blur,motion_blur,9.0,none,defense,1,0.05,0.6802547771,0.08328611898,0.6787261146,-0.1658598726,-0.888101983,0.5523566878,mixed,imagenette2/motion_blur/motion_blur_defense_log/20260816_144327_Imagenette2_BadNet_motion_blur_9.0_seed1234.log
Imagenette2,Blended,motion_blur,motion_blur,motion_blur,3.0,none,defense,1,0.05,0.84,0.847592068,0.2160509554,-0.021910828,-0.150141643,0.1133757962,attack_preservation,imagenette2/motion_blur/motion_blur_defense_log/20260816_145238_Imagenette2_Blended_motion_blur_3.0_seed1234.log
Imagenette2,Blended,motion_blur,motion_blur,motion_blur,5.0,none,defense,1,0.05,0.7791082803,0.6348441926,0.2845859873,-0.08280254775,-0.3628895184,0.1819108281,mixed,imagenette2/motion_blur/motion_blur_defense_log/20260816_150017_Imagenette2_Blended_motion_blur_5.0_seed1234.log
Imagenette2,Blended,motion_blur,motion_blur,motion_blur,7.0,none,defense,1,0.05,0.7182165605,0.5609065156,0.2797452229,-0.1436942675,-0.4368271954,0.1770700637,mixed,imagenette2/motion_blur/motion_blur_defense_log/20260816_150815_Imagenette2_Blended_motion_blur_7.0_seed1234.log
Imagenette2,Blended,motion_blur,motion_blur,motion_blur,9.0,none,defense,1,0.05,0.6527388535,0.3949008499,0.2664968153,-0.2091719745,-0.6028328611,0.1638216561,utility_collapse,imagenette2/motion_blur/motion_blur_defense_log/20260816_151634_Imagenette2_Blended_motion_blur_9.0_seed1234.log
Imagenette2,ISSBA,motion_blur,motion_blur,motion_blur,3.0,none,defense,1,0.05,0.8264968153,0.9926345609,0.1057324841,-0.002292993613,-0.0005665721935,0.0002547770764,attack_preservation,imagenette2/motion_blur/motion_blur_defense_log/20260816_160356_Imagenette2_ISSBA_motion_blur_3.0_seed1234.log
Imagenette2,ISSBA,motion_blur,motion_blur,motion_blur,5.0,none,defense,1,0.05,0.8135031847,0.9932011331,0.105477707,-0.01528662419,4.447586743e-11,6.369418881e-12,attack_preservation,imagenette2/motion_blur/motion_blur_defense_log/20260816_161423_Imagenette2_ISSBA_motion_blur_5.0_seed1234.log
Imagenette2,ISSBA,motion_blur,motion_blur,motion_blur,7.0,none,defense,1,0.05,0.7628025478,0.9949008499,0.1044585987,-0.06598726113,0.001699716758,-0.001019108274,attack_preservation,imagenette2/motion_blur/motion_blur_defense_log/20260816_162445_Imagenette2_ISSBA_motion_blur_7.0_seed1234.log
Imagenette2,ISSBA,motion_blur,motion_blur,motion_blur,9.0,none,defense,1,0.05,0.7047133758,0.9943342776,0.1049681529,-0.1240764331,0.00113314452,-0.0005095541338,attack_preservation,imagenette2/motion_blur/motion_blur_defense_log/20260816_163524_Imagenette2_ISSBA_motion_blur_9.0_seed1234.log
Imagenette2,WaNet,motion_blur,motion_blur,motion_blur,3.0,none,defense,1,0.05,0.7628025478,0.04691916337,0.7261146497,-0.09401273883,-0.9338609384,0.610955414,prediction_recovery,imagenette2/motion_blur/motion_blur_defense_log/20260819_011406_Imagenette2_WaNet_motion_blur_3.0_seed1234.log
Imagenette2,WaNet,motion_blur,motion_blur,motion_blur,5.0,none,defense,1,0.05,0.6968152866,0.001978518937,0.6168152866,-0.16,-0.9788015829,0.5016560509,mixed,imagenette2/motion_blur/motion_blur_defense_log/20260819_012354_Imagenette2_WaNet_motion_blur_5.0_seed1234.log
Imagenette2,WaNet,motion_blur,motion_blur,motion_blur,7.0,none,defense,1,0.05,0.6007643312,0,0.5095541401,-0.2560509554,-0.9807801018,0.3943949044,utility_collapse,imagenette2/motion_blur/motion_blur_defense_log/20260819_013346_Imagenette2_WaNet_motion_blur_7.0_seed1234.log
Imagenette2,WaNet,motion_blur,motion_blur,motion_blur,9.0,none,defense,1,0.05,0.5042038217,0,0.421656051,-0.3526114649,-0.9807801018,0.3064968153,utility_collapse,imagenette2/motion_blur/motion_blur_defense_log/20260819_014305_Imagenette2_WaNet_motion_blur_9.0_seed1234.log
Imagenette2,BadNet,motion_blur,motion_blur,motion_blur,3.0,gopro,defense,1,0.05,0.818089172,0.03002832861,0.8175796178,-0.02802547773,-0.9413597734,0.691210191,prediction_recovery,imagenette2/motion_blur/motion_blur_gopro_defense_log/20260815_221904_Imagenette2_BadNet_motion_blur_3.0_seed1234.log
Imagenette2,BadNet,motion_blur,motion_blur,motion_blur,5.0,gopro,defense,1,0.05,0.7913375796,0.06628895184,0.7941401274,-0.05477707008,-0.9050991502,0.6677707006,prediction_recovery,imagenette2/motion_blur/motion_blur_gopro_defense_log/20260815_223545_Imagenette2_BadNet_motion_blur_5.0_seed1234.log
Imagenette2,BadNet,motion_blur,motion_blur,motion_blur,7.0,gopro,defense,1,0.05,0.7592356688,0.09801699717,0.7549044586,-0.08687898091,-0.8733711048,0.6285350318,prediction_recovery,imagenette2/motion_blur/motion_blur_gopro_defense_log/20260815_225236_Imagenette2_BadNet_motion_blur_7.0_seed1234.log
Imagenette2,BadNet,motion_blur,motion_blur,motion_blur,9.0,gopro,defense,1,0.05,0.7291719745,0.1127478754,0.730955414,-0.1169426752,-0.8586402266,0.6045859872,mixed,imagenette2/motion_blur/motion_blur_gopro_defense_log/20260815_230930_Imagenette2_BadNet_motion_blur_9.0_seed1234.log
Imagenette2,Blended,motion_blur,motion_blur,motion_blur,3.0,gopro,defense,1,0.05,0.7849681529,0.9101983003,0.163566879,-0.07694267513,-0.08753541072,0.06089171978,attack_preservation,imagenette2/motion_blur/motion_blur_gopro_defense_log/20260815_232631_Imagenette2_Blended_motion_blur_3.0_seed1234.log
Imagenette2,Blended,motion_blur,motion_blur,motion_blur,5.0,gopro,defense,1,0.05,0.7001273885,0.6847025496,0.250955414,-0.1617834395,-0.3130311614,0.1482802548,mixed,imagenette2/motion_blur/motion_blur_gopro_defense_log/20260815_234142_Imagenette2_Blended_motion_blur_5.0_seed1234.log
Imagenette2,Blended,motion_blur,motion_blur,motion_blur,7.0,gopro,defense,1,0.05,0.6318471338,0.6121813031,0.2647133758,-0.2300636942,-0.3855524079,0.1620382166,utility_collapse,imagenette2/motion_blur/motion_blur_gopro_defense_log/20260815_235740_Imagenette2_Blended_motion_blur_7.0_seed1234.log
Imagenette2,Blended,motion_blur,motion_blur,motion_blur,9.0,gopro,defense,1,0.05,0.5885350318,0.5745042493,0.2715923567,-0.2733757962,-0.4232294617,0.1689171975,utility_collapse,imagenette2/motion_blur/motion_blur_gopro_defense_log/20260816_001335_Imagenette2_Blended_motion_blur_9.0_seed1234.log
Imagenette2,ISSBA,motion_blur,motion_blur,motion_blur,3.0,gopro,defense,1,0.05,0.8089171975,0.730878187,0.3154140127,-0.01987261145,-0.2623229461,0.2099363057,mixed,imagenette2/motion_blur/motion_blur_gopro_defense_log/20260816_013821_Imagenette2_ISSBA_motion_blur_3.0_seed1234.log
Imagenette2,ISSBA,motion_blur,motion_blur,motion_blur,5.0,gopro,defense,1,0.05,0.8020382166,0.7169971671,0.3225477707,-0.02675159234,-0.276203966,0.2170700637,mixed,imagenette2/motion_blur/motion_blur_gopro_defense_log/20260816_015534_Imagenette2_ISSBA_motion_blur_5.0_seed1234.log
Imagenette2,ISSBA,motion_blur,motion_blur,motion_blur,7.0,gopro,defense,1,0.05,0.7658598726,0.771388102,0.2779617834,-0.06292993629,-0.2218130311,0.1724840764,mixed,imagenette2/motion_blur/motion_blur_gopro_defense_log/20260816_021046_Imagenette2_ISSBA_motion_blur_7.0_seed1234.log
Imagenette2,ISSBA,motion_blur,motion_blur,motion_blur,9.0,gopro,defense,1,0.05,0.7401273885,0.8515580737,0.2150318471,-0.08866242036,-0.1416430594,0.1095541401,attack_preservation,imagenette2/motion_blur/motion_blur_gopro_defense_log/20260816_022605_Imagenette2_ISSBA_motion_blur_9.0_seed1234.log
Imagenette2,WaNet,motion_blur,motion_blur,motion_blur,3.0,gopro,defense,1,0.05,0.5538853503,0.3595251555,0.5154140127,-0.3029299363,-0.6212549463,0.400254777,utility_collapse,imagenette2/motion_blur/motion_blur_gopro_defense_log/20260818_224940_Imagenette2_WaNet_motion_blur_3.0_seed1234.log
Imagenette2,WaNet,motion_blur,motion_blur,motion_blur,5.0,gopro,defense,1,0.05,0.4061146497,0.4660825325,0.378089172,-0.4507006369,-0.5146975693,0.2629299363,utility_collapse,imagenette2/motion_blur/motion_blur_gopro_defense_log/20260818_230521_Imagenette2_WaNet_motion_blur_5.0_seed1234.log
Imagenette2,WaNet,motion_blur,motion_blur,motion_blur,7.0,gopro,defense,1,0.05,0.3449681529,0.4762577728,0.3301910828,-0.5118471337,-0.504522329,0.2150318471,utility_collapse,imagenette2/motion_blur/motion_blur_gopro_defense_log/20260818_232027_Imagenette2_WaNet_motion_blur_7.0_seed1234.log
Imagenette2,WaNet,motion_blur,motion_blur,motion_blur,9.0,gopro,defense,1,0.05,0.3087898089,0.5356133409,0.2927388535,-0.5480254777,-0.4451667609,0.1775796178,utility_collapse,imagenette2/motion_blur/motion_blur_gopro_defense_log/20260818_233647_Imagenette2_WaNet_motion_blur_9.0_seed1234.log
Imagenette2,BadNet,motion_blur,motion_blur,motion_blur,3.0,rsblur,defense,1,0.05,0.5026751592,0.135694051,0.5615286624,-0.3434394905,-0.835694051,0.4351592356,utility_collapse,imagenette2/motion_blur/motion_blur_rsblur_defense_log/20260816_063400_Imagenette2_BadNet_motion_blur_3.0_seed1234.log
Imagenette2,BadNet,motion_blur,motion_blur,motion_blur,5.0,rsblur,defense,1,0.05,0.5161783439,0.1560906516,0.5607643312,-0.3299363058,-0.8152974504,0.4343949044,utility_collapse,imagenette2/motion_blur/motion_blur_rsblur_defense_log/20260816_065100_Imagenette2_BadNet_motion_blur_5.0_seed1234.log
Imagenette2,BadNet,motion_blur,motion_blur,motion_blur,7.0,rsblur,defense,1,0.05,0.5057324841,0.1728045326,0.5431847134,-0.3403821656,-0.7985835694,0.4168152866,utility_collapse,imagenette2/motion_blur/motion_blur_rsblur_defense_log/20260816_070851_Imagenette2_BadNet_motion_blur_7.0_seed1234.log
Imagenette2,BadNet,motion_blur,motion_blur,motion_blur,9.0,rsblur,defense,1,0.05,0.4970700637,0.166572238,0.5314649682,-0.349044586,-0.804815864,0.4050955414,utility_collapse,imagenette2/motion_blur/motion_blur_rsblur_defense_log/20260816_072649_Imagenette2_BadNet_motion_blur_9.0_seed1234.log
Imagenette2,Blended,motion_blur,motion_blur,motion_blur,3.0,rsblur,defense,1,0.05,0.5098089172,0.3753541076,0.3467515924,-0.3521019108,-0.6223796034,0.2440764332,utility_collapse,imagenette2/motion_blur/motion_blur_rsblur_defense_log/20260816_074353_Imagenette2_Blended_motion_blur_3.0_seed1234.log
Imagenette2,Blended,motion_blur,motion_blur,motion_blur,5.0,rsblur,defense,1,0.05,0.4779617834,0.3852691218,0.3439490446,-0.3839490446,-0.6124645892,0.2412738854,utility_collapse,imagenette2/motion_blur/motion_blur_rsblur_defense_log/20260816_075852_Imagenette2_Blended_motion_blur_5.0_seed1234.log
Imagenette2,Blended,motion_blur,motion_blur,motion_blur,7.0,rsblur,defense,1,0.05,0.4593630573,0.3773371105,0.3523566879,-0.4025477707,-0.6203966005,0.2496815287,utility_collapse,imagenette2/motion_blur/motion_blur_rsblur_defense_log/20260816_081400_Imagenette2_Blended_motion_blur_7.0_seed1234.log
Imagenette2,Blended,motion_blur,motion_blur,motion_blur,9.0,rsblur,defense,1,0.05,0.458343949,0.3138810198,0.3541401274,-0.403566879,-0.6838526912,0.2514649682,utility_collapse,imagenette2/motion_blur/motion_blur_rsblur_defense_log/20260816_083016_Imagenette2_Blended_motion_blur_9.0_seed1234.log
Imagenette2,ISSBA,motion_blur,motion_blur,motion_blur,3.0,rsblur,defense,1,0.05,0.501910828,0.1450424929,0.5036942675,-0.3268789809,-0.8481586402,0.3982165605,utility_collapse,imagenette2/motion_blur/motion_blur_rsblur_defense_log/20260816_095139_Imagenette2_ISSBA_motion_blur_3.0_seed1234.log
Imagenette2,ISSBA,motion_blur,motion_blur,motion_blur,5.0,rsblur,defense,1,0.05,0.5182165605,0.1328611898,0.5299363057,-0.3105732484,-0.8603399433,0.4244585987,utility_collapse,imagenette2/motion_blur/motion_blur_rsblur_defense_log/20260816_100708_Imagenette2_ISSBA_motion_blur_5.0_seed1234.log
Imagenette2,ISSBA,motion_blur,motion_blur,motion_blur,7.0,rsblur,defense,1,0.05,0.5177070064,0.1382436261,0.5289171975,-0.3110828025,-0.854957507,0.4234394905,utility_collapse,imagenette2/motion_blur/motion_blur_rsblur_defense_log/20260816_102247_Imagenette2_ISSBA_motion_blur_7.0_seed1234.log
Imagenette2,ISSBA,motion_blur,motion_blur,motion_blur,9.0,rsblur,defense,1,0.05,0.5092993631,0.1492917847,0.5327388535,-0.3194904458,-0.8439093484,0.4272611465,utility_collapse,imagenette2/motion_blur/motion_blur_rsblur_defense_log/20260816_103847_Imagenette2_ISSBA_motion_blur_9.0_seed1234.log
Imagenette2,WaNet,motion_blur,motion_blur,motion_blur,3.0,rsblur,defense,1,0.05,0.3355414013,0.08140192199,0.3322292994,-0.5212738853,-0.8993781798,0.2170700637,utility_collapse,imagenette2/motion_blur/motion_blur_rsblur_defense_log/20260818_235727_Imagenette2_WaNet_motion_blur_3.0_seed1234.log
Imagenette2,WaNet,motion_blur,motion_blur,motion_blur,5.0,rsblur,defense,1,0.05,0.3248407643,0.04381006218,0.3192356688,-0.5319745223,-0.9369700396,0.2040764331,utility_collapse,imagenette2/motion_blur/motion_blur_rsblur_defense_log/20260819_001435_Imagenette2_WaNet_motion_blur_5.0_seed1234.log
Imagenette2,WaNet,motion_blur,motion_blur,motion_blur,7.0,rsblur,defense,1,0.05,0.3141401274,0.04352741662,0.3212738854,-0.5426751592,-0.9372526852,0.2061146497,utility_collapse,imagenette2/motion_blur/motion_blur_rsblur_defense_log/20260819_003105_Imagenette2_WaNet_motion_blur_7.0_seed1234.log
Imagenette2,WaNet,motion_blur,motion_blur,motion_blur,9.0,rsblur,defense,1,0.05,0.3154140127,0.05285472018,0.3268789809,-0.5414012739,-0.9279253816,0.2117197452,utility_collapse,imagenette2/motion_blur/motion_blur_rsblur_defense_log/20260819_004923_Imagenette2_WaNet_motion_blur_9.0_seed1234.log
Imagenette2,BadNet,motion_blur,none,none,0.0,rsblur,defense,1,0.05,0.4614012739,0.1300283286,0.534522293,-0.3847133758,-0.8413597734,0.4081528662,utility_collapse,imagenette2/motion_blur/rsblur_defense_log/20260815_232753_Imagenette2_BadNet_none_0.0_seed1234.log
Imagenette2,Blended,motion_blur,none,none,0.0,rsblur,defense,1,0.05,0.4833121019,0.1694050992,0.2927388535,-0.3785987261,-0.8283286118,0.1900636943,utility_collapse,imagenette2/motion_blur/rsblur_defense_log/20260815_234447_Imagenette2_Blended_none_0.0_seed1234.log
Imagenette2,ISSBA,motion_blur,none,none,0.0,rsblur,defense,1,0.05,0.476433121,0.1781869688,0.4703184713,-0.3523566879,-0.8150141643,0.3648407643,utility_collapse,imagenette2/motion_blur/rsblur_defense_log/20260816_001727_Imagenette2_ISSBA_none_0.0_seed1234.log
Imagenette2,WaNet,motion_blur,none,none,0.0,rsblur,defense,1,0.05,0.3778343949,0.36433013,0.3281528662,-0.4789808917,-0.6164499718,0.2129936305,utility_collapse,imagenette2/motion_blur/rsblur_defense_log/20260819_004541_Imagenette2_WaNet_none_0.0_seed1234.log
Imagenette2,BadNet,zip,zip,zip,1.0,I2I-Diffusion,defense,1,0.05,0.8152866242,0.0447592068,0.8081528662,-0.0308280255,-0.9266288952,0.6817834394,prediction_recovery,imagenette2/zip/20260819_075313_Imagenette2_BadNet_zip_1.0_seed1234.log
Imagenette2,BadNet,zip,zip,zip,2.0,I2I-Diffusion,defense,1,0.05,0.8127388535,0.01019830028,0.8163057325,-0.0333757962,-0.9611898017,0.6899363057,prediction_recovery,imagenette2/zip/20260819_085008_Imagenette2_BadNet_zip_2.0_seed1234.log
Imagenette2,BadNet,zip,zip,zip,4.0,I2I-Diffusion,defense,1,0.05,0.8043312102,0.01161473088,0.8061146497,-0.04178343951,-0.9597733711,0.6797452229,prediction_recovery,imagenette2/zip/20260819_094702_Imagenette2_BadNet_zip_4.0_seed1234.log
Imagenette2,Blended,zip,zip,zip,1.0,I2I-Diffusion,defense,1,0.05,0.8196178344,0.4150141643,0.5510828025,-0.04229299361,-0.5827195467,0.4484076433,prediction_recovery,imagenette2/zip/20260819_104423_Imagenette2_Blended_zip_1.0_seed1234.log
Imagenette2,Blended,zip,zip,zip,2.0,I2I-Diffusion,defense,1,0.05,0.8127388535,0.09433427762,0.7668789809,-0.0491719745,-0.9033994334,0.6642038217,prediction_recovery,imagenette2/zip/20260819_114131_Imagenette2_Blended_zip_2.0_seed1234.log
Imagenette2,Blended,zip,zip,zip,4.0,I2I-Diffusion,defense,1,0.05,0.7954140127,0.05099150142,0.7872611465,-0.06649681526,-0.9467422096,0.6845859873,prediction_recovery,imagenette2/zip/20260819_123905_Imagenette2_Blended_zip_4.0_seed1234.log
Imagenette2,WaNet,zip,zip,zip,1.0,I2I-Diffusion,defense,1,0.05,0.7895541401,0.02176370831,0.7617834395,-0.06726114647,-0.9590163935,0.6466242038,prediction_recovery,imagenette2/zip/20260819_133532_Imagenette2_WaNet_zip_1.0_seed1234.log
Imagenette2,WaNet,zip,zip,zip,2.0,I2I-Diffusion,defense,1,0.05,0.7768152866,0.007631430187,0.7373248408,-0.07999999998,-0.9731486716,0.6221656051,prediction_recovery,imagenette2/zip/20260819_143335_Imagenette2_WaNet_zip_2.0_seed1234.log
Imagenette2,WaNet,zip,zip,zip,4.0,I2I-Diffusion,defense,1,0.05,0.7684076433,0.004239683437,0.7064968153,-0.08840764329,-0.9765404184,0.5913375796,prediction_recovery,imagenette2/zip/20260819_153145_Imagenette2_WaNet_zip_4.0_seed1234.log
Imagenette2,ISSBA,zip,zip,zip,1.0,I2I-Diffusion,defense,1,0.05,0.8129936306,0.006798866856,0.8173248408,-0.01579617833,-0.9864022662,0.7118471338,prediction_recovery,imagenette2/zip/20260819_162912_Imagenette2_ISSBA_zip_1.0_seed1234.log
Imagenette2,ISSBA,zip,zip,zip,2.0,I2I-Diffusion,defense,1,0.05,0.8104458599,0.007932011331,0.8165605096,-0.01834394903,-0.9852691218,0.7110828026,prediction_recovery,imagenette2/zip/20260819_172558_Imagenette2_ISSBA_zip_2.0_seed1234.log
Imagenette2,ISSBA,zip,zip,zip,4.0,I2I-Diffusion,defense,1,0.05,0.8066242038,0.0104815864,0.8081528662,-0.02216560508,-0.9827195467,0.7026751592,prediction_recovery,imagenette2/zip/20260819_182259_Imagenette2_ISSBA_zip_4.0_seed1234.log
