sample_index,layer,true_label,feature_shift_poison_to_restored_poison,cosine_poison_to_restored_poison,dist_restored_poison_to_clean_centroid,dist_poison_to_clean_centroid,dist_restored_poison_to_target_centroid,dist_poison_to_target_centroid,dist_restored_clean_to_clean_centroid
0,penultimate,0,4.1745147705078125,0.41795918345451355,4.165771961212158,4.36769437789917,4.165771961212158,4.36769437789917,1.5936956405639648
1,penultimate,0,4.886949062347412,0.22246001660823822,4.96712589263916,4.504146575927734,4.96712589263916,4.504146575927734,1.2707600593566895
2,penultimate,0,5.155083656311035,0.22167855501174927,4.826666831970215,4.79752779006958,4.826666831970215,4.79752779006958,1.2265735864639282
3,penultimate,0,4.954836368560791,0.20585177838802338,4.664515018463135,4.601107120513916,4.664515018463135,4.601107120513916,2.681001663208008
4,penultimate,0,4.530158996582031,0.1992625594139099,4.966222763061523,4.035155773162842,4.966222763061523,4.035155773162842,2.609832525253296
5,penultimate,0,1.3869450092315674,0.9214071035385132,3.061523199081421,4.136012554168701,3.061523199081421,4.136012554168701,1.5411089658737183
6,penultimate,0,4.624737739562988,0.46335846185684204,3.9902000427246094,5.048050403594971,3.9902000427246094,5.048050403594971,1.7837681770324707
7,penultimate,0,4.556727886199951,0.28654149174690247,4.6882243156433105,4.0197343826293945,4.6882243156433105,4.0197343826293945,1.7346842288970947
8,penultimate,0,5.523183822631836,0.17715728282928467,4.967345714569092,4.592945575714111,4.967345714569092,4.592945575714111,1.4008673429489136
9,penultimate,0,3.1587769985198975,0.56404709815979,3.586691379547119,3.8941843509674072,3.586691379547119,3.8941843509674072,1.0677562952041626
10,penultimate,0,5.878539562225342,0.15028727054595947,4.9636149406433105,5.302172660827637,4.9636149406433105,5.302172660827637,0.9506909251213074
11,penultimate,0,5.442720413208008,0.15394586324691772,4.966530799865723,4.967109680175781,4.966530799865723,4.967109680175781,2.304900646209717
12,penultimate,0,4.708693504333496,0.1959870457649231,4.997708320617676,3.5775327682495117,4.997708320617676,3.5775327682495117,1.9913129806518555
13,penultimate,0,5.70039176940918,0.15916487574577332,4.9676194190979,5.34288215637207,4.9676194190979,5.34288215637207,1.7103151082992554
14,penultimate,0,5.603523254394531,0.16474075615406036,4.952097415924072,5.060682773590088,4.952097415924072,5.060682773590088,1.5113605260849
15,penultimate,0,4.230830192565918,0.32013049721717834,4.043482780456543,4.144547462463379,4.043482780456543,4.144547462463379,2.465872287750244
16,penultimate,0,3.9917595386505127,0.47686100006103516,4.0720086097717285,4.959771633148193,4.0720086097717285,4.959771633148193,3.6118996143341064
17,penultimate,0,5.180815696716309,0.1537564992904663,4.968316555023193,4.690287113189697,4.968316555023193,4.690287113189697,0.9971086382865906
18,penultimate,0,3.728661060333252,0.433194100856781,3.805385112762451,4.187891006469727,3.805385112762451,4.187891006469727,1.615106225013733
19,penultimate,0,4.302677631378174,0.41174766421318054,3.9149625301361084,4.756903171539307,3.9149625301361084,4.756903171539307,1.5087484121322632
20,penultimate,0,5.568457126617432,0.17654377222061157,4.9669013023376465,4.8027191162109375,4.9669013023376465,4.8027191162109375,2.081181287765503
21,penultimate,0,4.903416156768799,0.28093424439430237,4.635429382324219,4.685423851013184,4.635429382324219,4.685423851013184,2.8381288051605225
22,penultimate,0,5.218478202819824,0.1636780947446823,4.943983554840088,4.449519634246826,4.943983554840088,4.449519634246826,0.9642412662506104
23,penultimate,0,5.1592936515808105,0.16448834538459778,4.968495845794678,4.7760844230651855,4.968495845794678,4.7760844230651855,1.508702278137207
24,penultimate,0,5.530523300170898,0.17023515701293945,4.960264205932617,4.793855667114258,4.960264205932617,4.793855667114258,2.7358884811401367
25,penultimate,0,4.577486515045166,0.20135580003261566,4.882331848144531,3.6678717136383057,4.882331848144531,3.6678717136383057,2.392385244369507
26,penultimate,0,3.8016629219055176,0.5274849534034729,4.036499500274658,4.956142902374268,4.036499500274658,4.956142902374268,1.9718596935272217
27,penultimate,0,5.5056867599487305,0.18361946940422058,4.825246810913086,4.860067367553711,4.825246810913086,4.860067367553711,1.6459565162658691
28,penultimate,0,5.230079650878906,0.17402541637420654,4.751229763031006,4.7546610832214355,4.751229763031006,4.7546610832214355,1.8381192684173584
29,penultimate,0,5.090014457702637,0.1733527034521103,4.968142986297607,4.178234577178955,4.968142986297607,4.178234577178955,0.9420006275177002
30,penultimate,0,5.502569198608398,0.16808630526065826,4.948544025421143,4.99234676361084,4.948544025421143,4.99234676361084,1.9645990133285522
31,penultimate,0,4.293264389038086,0.32322439551353455,4.968171119689941,3.981037139892578,4.968171119689941,3.981037139892578,2.300934314727783
32,penultimate,0,5.251368045806885,0.15735718607902527,4.871938228607178,4.7888617515563965,4.871938228607178,4.7888617515563965,1.5656542778015137
33,penultimate,0,4.794358730316162,0.18539869785308838,4.964801788330078,4.107091426849365,4.964801788330078,4.107091426849365,1.385640263557434
34,penultimate,0,5.69039249420166,0.20088176429271698,4.968018054962158,4.9560346603393555,4.968018054962158,4.9560346603393555,2.4976720809936523
35,penultimate,0,4.641176700592041,0.249115452170372,4.673250198364258,4.370187282562256,4.673250198364258,4.370187282562256,0.9842619299888611
36,penultimate,0,5.402534484863281,0.20777133107185364,4.754656791687012,4.911844730377197,4.754656791687012,4.911844730377197,1.5290758609771729
37,penultimate,0,5.437556743621826,0.1585925966501236,4.969146728515625,4.8431806564331055,4.969146728515625,4.8431806564331055,2.968926429748535
38,penultimate,0,4.541239261627197,0.386124849319458,4.011593818664551,4.695272922515869,4.011593818664551,4.695272922515869,1.3583787679672241
39,penultimate,0,5.267897605895996,0.17076589167118073,4.964020252227783,4.400954246520996,4.964020252227783,4.400954246520996,1.0110414028167725
40,penultimate,0,5.643772125244141,0.29149317741394043,4.286285400390625,5.396346569061279,4.286285400390625,5.396346569061279,1.0509722232818604
41,penultimate,0,5.304047107696533,0.14019106328487396,4.966567039489746,4.602792739868164,4.966567039489746,4.602792739868164,2.3413422107696533
42,penultimate,0,4.781371593475342,0.21415656805038452,4.968868732452393,4.207475662231445,4.968868732452393,4.207475662231445,2.761629819869995
43,penultimate,0,4.738668441772461,0.3283940851688385,4.003629684448242,4.989465713500977,4.003629684448242,4.989465713500977,0.8041185140609741
44,penultimate,0,4.4782209396362305,0.18018794059753418,4.95656681060791,4.052628993988037,4.95656681060791,4.052628993988037,2.1940324306488037
45,penultimate,0,3.9293715953826904,0.5418291091918945,4.18207311630249,4.062024116516113,4.18207311630249,4.062024116516113,1.7153180837631226
46,penultimate,0,5.40480899810791,0.1831640899181366,4.891939163208008,5.182532787322998,4.891939163208008,5.182532787322998,1.8041425943374634
47,penultimate,0,5.84863805770874,0.1536087542772293,4.954130172729492,5.321822643280029,4.954130172729492,5.321822643280029,2.1094579696655273
48,penultimate,0,4.815658092498779,0.21774914860725403,4.851572513580322,3.853139638900757,4.851572513580322,3.853139638900757,1.5685276985168457
49,penultimate,0,6.211577415466309,0.1577395349740982,4.996235370635986,5.540958881378174,4.996235370635986,5.540958881378174,2.260085105895996
50,penultimate,0,5.0883893966674805,0.21305832266807556,5.007119178771973,4.4238104820251465,5.007119178771973,4.4238104820251465,1.798658013343811
51,penultimate,0,5.386788368225098,0.16073554754257202,4.9712324142456055,5.101257801055908,4.9712324142456055,5.101257801055908,1.8492132425308228
52,penultimate,0,5.0486931800842285,0.32978910207748413,4.26331090927124,4.754389762878418,4.26331090927124,4.754389762878418,0.9462660551071167
53,penultimate,0,5.277083873748779,0.27588897943496704,4.379070281982422,4.8910603523254395,4.379070281982422,4.8910603523254395,2.2208409309387207
54,penultimate,0,4.992188453674316,0.22445787489414215,4.842020034790039,4.579595565795898,4.842020034790039,4.579595565795898,0.9449307322502136
55,penultimate,0,5.069622039794922,0.27395400404930115,4.20777702331543,5.018941879272461,4.20777702331543,5.018941879272461,1.7312229871749878
56,penultimate,0,4.779704570770264,0.19365662336349487,4.966342926025391,4.528429985046387,4.966342926025391,4.528429985046387,2.8341307640075684
57,penultimate,0,5.182765483856201,0.16078387200832367,4.960511684417725,4.789067268371582,4.960511684417725,4.789067268371582,1.032914638519287
58,penultimate,0,4.317471504211426,0.40810996294021606,4.000648021697998,4.691206455230713,4.000648021697998,4.691206455230713,2.666952610015869
59,penultimate,0,2.386874198913574,0.9028294682502747,4.036815643310547,5.153483867645264,4.036815643310547,5.153483867645264,1.5501047372817993
60,penultimate,0,4.841991424560547,0.3498401343822479,4.095839023590088,5.155879020690918,4.095839023590088,5.155879020690918,1.532450556755066
61,penultimate,0,5.300351619720459,0.14725086092948914,4.967803001403809,4.732652187347412,4.967803001403809,4.732652187347412,1.0961860418319702
62,penultimate,0,3.2795321941375732,0.7798668742179871,3.570225954055786,5.1854143142700195,3.570225954055786,5.1854143142700195,1.3030827045440674
63,penultimate,0,5.0887885093688965,0.23179589211940765,5.057283878326416,4.198089599609375,5.057283878326416,4.198089599609375,1.7675648927688599
64,penultimate,0,4.953923225402832,0.1975056380033493,4.966042995452881,3.9415371417999268,4.966042995452881,3.9415371417999268,1.2862966060638428
65,penultimate,0,4.810214042663574,0.1962205469608307,4.967875003814697,4.426069736480713,4.967875003814697,4.426069736480713,1.8064359426498413
66,penultimate,0,6.147617340087891,0.11884377896785736,4.972802639007568,5.351322174072266,4.972802639007568,5.351322174072266,1.1777129173278809
67,penultimate,0,5.567654132843018,0.15188145637512207,4.950544834136963,4.875162124633789,4.950544834136963,4.875162124633789,2.04321026802063
68,penultimate,0,4.212666988372803,0.4758543074131012,3.8454978466033936,4.589673042297363,3.8454978466033936,4.589673042297363,1.215506911277771
69,penultimate,0,3.6490237712860107,0.6045977473258972,3.874878168106079,4.694685459136963,3.874878168106079,4.694685459136963,1.852742314338684
70,penultimate,0,5.611166000366211,0.16792701184749603,4.946367263793945,5.340396881103516,4.946367263793945,5.340396881103516,1.7376625537872314
71,penultimate,0,5.269460201263428,0.17417506873607635,4.968026161193848,4.800671100616455,4.968026161193848,4.800671100616455,2.4118857383728027
72,penultimate,0,5.001109600067139,0.22813208401203156,4.968997478485107,4.026309013366699,4.968997478485107,4.026309013366699,2.159759759902954
73,penultimate,0,2.7876482009887695,0.6546735763549805,3.4338934421539307,4.301944255828857,3.4338934421539307,4.301944255828857,1.115765929222107
74,penultimate,0,5.591174602508545,0.1554279923439026,4.968466758728027,5.0048909187316895,4.968466758728027,5.0048909187316895,2.151272773742676
75,penultimate,0,4.212159633636475,0.6109753847122192,3.8783581256866455,5.586759567260742,3.8783581256866455,5.586759567260742,1.2532987594604492
76,penultimate,0,5.347668170928955,0.22646254301071167,4.967252731323242,4.338602542877197,4.967252731323242,4.338602542877197,3.0214333534240723
77,penultimate,0,5.3630852699279785,0.16781538724899292,4.9368367195129395,4.576183319091797,4.9368367195129395,4.576183319091797,1.075839877128601
78,penultimate,0,4.5590500831604,0.3831610679626465,4.177516937255859,4.283946514129639,4.177516937255859,4.283946514129639,1.8552199602127075
79,penultimate,0,5.259336948394775,0.18696154654026031,4.966916561126709,4.256618022918701,4.966916561126709,4.256618022918701,3.6709768772125244
80,penultimate,0,5.519928455352783,0.1526235044002533,4.967995643615723,4.54392671585083,4.967995643615723,4.54392671585083,1.1471421718597412
81,penultimate,0,5.300614356994629,0.21376153826713562,4.948629379272461,4.620720386505127,4.948629379272461,4.620720386505127,1.5778567790985107
82,penultimate,0,5.905575752258301,0.16468651592731476,4.966718673706055,5.426371097564697,4.966718673706055,5.426371097564697,1.9437216520309448
83,penultimate,0,6.048780918121338,0.16488711535930634,4.9397478103637695,5.267971992492676,4.9397478103637695,5.267971992492676,1.6045784950256348
84,penultimate,0,6.114610195159912,0.1981184184551239,4.866026401519775,5.639297962188721,4.866026401519775,5.639297962188721,1.156693458557129
85,penultimate,0,5.141086578369141,0.18494677543640137,4.96751594543457,4.188609600067139,4.96751594543457,4.188609600067139,1.621965765953064
86,penultimate,0,4.7517805099487305,0.20072287321090698,4.967918395996094,4.273280620574951,4.967918395996094,4.273280620574951,1.8460582494735718
87,penultimate,0,4.970435619354248,0.18312475085258484,4.967669486999512,4.344640731811523,4.967669486999512,4.344640731811523,0.7719740271568298
88,penultimate,0,5.12177848815918,0.2536160945892334,4.368840217590332,4.859326362609863,4.368840217590332,4.859326362609863,1.0203282833099365
89,penultimate,0,5.896228790283203,0.14988012611865997,4.967984676361084,5.447839736938477,4.967984676361084,5.447839736938477,1.8043627738952637
90,penultimate,0,6.258968353271484,0.2432931810617447,4.018154621124268,5.969878196716309,4.018154621124268,5.969878196716309,1.0001184940338135
91,penultimate,0,4.252571105957031,0.3476327955722809,4.27985954284668,4.519719123840332,4.27985954284668,4.519719123840332,2.018456220626831
92,penultimate,0,5.896912097930908,0.16865143179893494,4.942851543426514,5.453756809234619,4.942851543426514,5.453756809234619,3.11513352394104
93,penultimate,0,5.722521781921387,0.2384665310382843,4.0754170417785645,5.523399829864502,4.0754170417785645,5.523399829864502,2.3715274333953857
94,penultimate,0,5.374710559844971,0.31630516052246094,4.424932479858398,5.232133865356445,4.424932479858398,5.232133865356445,2.941866636276245
95,penultimate,0,5.304818630218506,0.21250313520431519,4.963846683502197,4.538558006286621,4.963846683502197,4.538558006286621,2.979051113128662
96,penultimate,0,5.5404133796691895,0.22867944836616516,4.682905673980713,4.928718566894531,4.682905673980713,4.928718566894531,1.0701242685317993
97,penultimate,0,5.095204830169678,0.16189494729042053,4.910425186157227,4.618285179138184,4.910425186157227,4.618285179138184,0.6895071864128113
98,penultimate,0,4.90529203414917,0.214488223195076,4.597812652587891,4.734060287475586,4.597812652587891,4.734060287475586,1.450722575187683
99,penultimate,0,3.7848939895629883,0.44811704754829407,3.9647111892700195,3.832430124282837,3.9647111892700195,3.832430124282837,1.6568036079406738
100,penultimate,0,4.732542514801025,0.20047315955162048,4.971800327301025,4.350971698760986,4.971800327301025,4.350971698760986,1.494361162185669
101,penultimate,0,5.898342609405518,0.15695510804653168,4.958387851715088,5.575387001037598,4.958387851715088,5.575387001037598,1.5283311605453491
102,penultimate,0,5.291224956512451,0.22273604571819305,4.896249771118164,4.944234848022461,4.896249771118164,4.944234848022461,2.3006432056427
103,penultimate,0,4.975668430328369,0.21644210815429688,4.796204090118408,4.538628578186035,4.796204090118408,4.538628578186035,3.041184902191162
104,penultimate,0,4.3136115074157715,0.3342510461807251,4.110524654388428,4.438860893249512,4.110524654388428,4.438860893249512,1.2835153341293335
105,penultimate,0,5.215268135070801,0.17150087654590607,4.970155239105225,4.554001808166504,4.970155239105225,4.554001808166504,1.2251980304718018
106,penultimate,0,5.291383743286133,0.22787395119667053,4.9693989753723145,4.8612961769104,4.9693989753723145,4.8612961769104,2.1869847774505615
107,penultimate,0,4.2909698486328125,0.31601688265800476,4.5923285484313965,4.141887187957764,4.5923285484313965,4.141887187957764,0.7374275326728821
108,penultimate,0,6.127121448516846,0.12863819301128387,4.964236736297607,5.391810894012451,4.964236736297607,5.391810894012451,2.1774449348449707
109,penultimate,0,5.752000331878662,0.15832887589931488,4.96799373626709,5.268787384033203,4.96799373626709,5.268787384033203,1.5792853832244873
110,penultimate,0,4.791230201721191,0.34093305468559265,4.317356109619141,4.225946426391602,4.317356109619141,4.225946426391602,1.7859008312225342
111,penultimate,0,6.102373123168945,0.12992513179779053,4.98779296875,5.674076080322266,4.98779296875,5.674076080322266,2.0781478881835938
112,penultimate,0,5.935638904571533,0.136565163731575,4.968265533447266,5.437344551086426,4.968265533447266,5.437344551086426,2.438512086868286
113,penultimate,0,0.37952396273612976,0.9990010261535645,5.405460357666016,5.649515151977539,5.405460357666016,5.649515151977539,4.005087852478027
114,penultimate,0,5.063138484954834,0.25111785531044006,4.609859943389893,5.038881301879883,4.609859943389893,5.038881301879883,3.0711164474487305
115,penultimate,0,4.357637882232666,0.5077630281448364,3.6168885231018066,4.8355393409729,3.6168885231018066,4.8355393409729,1.877923607826233
116,penultimate,0,6.020750522613525,0.14796917140483856,4.967957019805908,5.234025478363037,4.967957019805908,5.234025478363037,1.720894455909729
117,penultimate,0,5.899712085723877,0.12580081820487976,4.963442802429199,5.35541296005249,4.963442802429199,5.35541296005249,1.3692997694015503
118,penultimate,0,4.924957752227783,0.17091858386993408,4.976925849914551,4.376747131347656,4.976925849914551,4.376747131347656,2.0371384620666504
119,penultimate,0,5.389577865600586,0.1508083939552307,4.9692912101745605,4.983372211456299,4.9692912101745605,4.983372211456299,1.3392205238342285
120,penultimate,0,5.011475563049316,0.15793374180793762,4.967957019805908,4.44075870513916,4.967957019805908,4.44075870513916,1.10276460647583
121,penultimate,0,4.742352485656738,0.22036345303058624,4.9558634757995605,4.171769142150879,4.9558634757995605,4.171769142150879,2.2322909832000732
122,penultimate,0,5.286330223083496,0.18739527463912964,4.940296649932861,4.995495319366455,4.940296649932861,4.995495319366455,2.2094168663024902
123,penultimate,0,5.6777825355529785,0.18829283118247986,4.986993789672852,5.116369247436523,4.986993789672852,5.116369247436523,1.7887325286865234
124,penultimate,0,5.045313835144043,0.21182602643966675,4.969406604766846,4.172999858856201,4.969406604766846,4.172999858856201,1.617197871208191
125,penultimate,0,4.841832637786865,0.2042420208454132,4.972583770751953,4.135648250579834,4.972583770751953,4.135648250579834,1.2206528186798096
126,penultimate,0,5.193242073059082,0.2284337431192398,4.796537399291992,4.39536714553833,4.796537399291992,4.39536714553833,1.5002624988555908
127,penultimate,0,5.212639808654785,0.25913017988204956,4.523796558380127,4.906888484954834,4.523796558380127,4.906888484954834,1.7281664609909058
